"gene","S01","S02","S03","S04","S05","S06","S07","S08","S09","S10","S11","S12","S13","S14","S15","S16","S17","S18","S19","S20","S21","S22","S23","S24"
"Gene0001",7.99531463835689,6.85636027691519,7.82209039090869,9.13994408192221,8.98682590275862,6.17392403141494,8.88761063470229,8.36943165188976,8.56313705328527,7.7375679049075,7.64649468351973,8.27468878198618,7.99639498481934,10.3543627788474,10.6798305992084,9.4105713522403,8.7390108998056,9.75150467261292,10.1773665313856,8.71768647783945,9.90133522380602,10.0121836887007,10.5843328267739,9.43188256912388
"Gene0002",7.96370342744604,8.97450357845752,7.78345526545898,7.38663408575094,9.09702533595088,9.37290685323179,5.91239581967926,9.12371595692753,7.07344781711498,8.10641170344061,8.17016302933184,7.27974016576057,8.88270202295673,8.36043949866311,10.3373998737374,9.09732838594788,9.1504021869358,10.8805260153317,8.57185944449376,10.5200684391515,8.62099505226091,9.24869621864075,9.77780037645591,8.14655921389699
"Gene0003",7.12206768699259,5.93292851160858,5.45123223501025,6.56329540038179,5.25547346419246,6.63817183444183,5.89184744479471,5.96360863365139,6.0544732947238,5.5955190821276,6.07127975474119,5.91326005711703,8.03766040626189,8.60178864364437,7.49585794635196,6.6589841270051,8.07089979705002,7.71888253509093,7.93864209318227,6.96765659591959,8.02002666911232,7.96144584448889,7.11886003561934,6.99271120347998
"Gene0004",8.26821815697053,6.61434536288581,7.98865611959738,9.28424218927095,10.2687806776445,9.54699481870321,10.4842839931424,9.00901220068779,7.81301411807761,8.71328482711793,8.65325464437031,9.47635991609652,9.10646358240392,11.0589622251151,11.0411569424072,9.29650375076956,10.0575940309703,10.23961207738,9.40690821010151,9.50047646995088,11.4268047959275,10.2364859981049,10.5290593914172,10.2101793090701
"Gene0005",8.55240729214818,8.56507436039468,9.33340035582925,8.68949262648817,7.63435783635932,8.97587186408894,8.55571928585285,8.85350534136356,8.16378947741442,8.51599398802971,8.30638211443954,8.15199614053486,9.43771032353861,9.84742312853026,9.64864670990511,9.70803704499602,9.03690024706229,9.65658546549806,9.42584376044403,9.37871696752421,9.79570505968979,9.12091341835238,9.48521465725998,9.626397134224
"Gene0006",9.67182730318067,9.22347539504223,9.58543596703651,9.83729311877827,9.98826453302219,9.6143182002599,9.81974470344572,9.71913449891463,9.4035825944934,9.91851206413891,10.0437612823144,9.70240627879157,11.130693383251,11.995397575475,11.5691114240501,11.7274860734138,11.1632125879508,12.3240489258006,11.9813446897196,11.3130297568633,11.4974519859025,12.3188077881336,11.8395823089381,12.2193138858424
"Gene0007",8.45581078879603,7.4390176517654,8.75843329958735,8.96824591977312,9.02499392873117,8.92193785379445,8.6265829684036,8.69457583721156,8.56415701502111,8.44992483335888,9.27500021755684,8.23903942184353,9.63537087962873,11.1629279509066,10.2224460378115,10.4522434785639,9.53384206055339,9.62300587011404,10.2919430102578,10.1114041370165,10.3060663942082,10.0640487809822,10.7436336828757,10.2778929271428
"Gene0008",7.35601565382928,7.30709859404841,7.18458676128607,6.64521269408043,6.92841110088309,7.51361215003704,8.18194885251372,7.84479742965497,7.36756072685145,7.52204456077034,7.43255071135155,8.19238376454025,10.1440411423782,9.32057905956416,10.2629727852063,9.24219376990644,11.5980723486637,8.70161418333518,9.82973267158238,9.31176714649064,9.81000241840166,10.5889559669626,10.3148850286859,9.40533527174518
"Gene0009",8.88031439099492,8.83446586694238,9.28122414373449,10.7568146125997,7.93196568439063,9.58219474504819,10.586930987658,9.28952151051211,9.3457831264101,9.16445146632,8.97367220829833,10.4092648730241,12.4042163162044,11.0991877405812,11.1212131044151,11.8338895318574,10.914368537022,10.6068721380756,12.5967685589202,11.1230220782388,11.6881467967268,10.3265816699848,10.8370333861243,9.99321245487619
"Gene0010",5.80075899312092,6.64922418983955,5.3365393495874,5.14038787649543,4.76603862190991,7.00201644185652,5.82870431579956,6.11445533149167,6.09583145541155,5.73987174901861,5.82798801224342,5.62169274490588,8.43883152815522,7.83157645728811,7.65272654135198,7.18302409632519,6.32785947289812,6.55092376934714,7.93931466388012,7.02332730221691,8.01418374404491,6.55948364893811,7.18537255437991,8.43901599434306
"Gene0011",5.74819752360332,5.56186774825746,5.19895278681389,4.82493286323148,4.51151019283165,4.83154760592155,4.48852429048903,4.07000859603452,4.13082966151531,4.56776280181653,5.31758041795084,5.65610187140391,6.63770189994834,7.41421492479477,7.56397920052678,7.25435881619362,6.91243640793335,6.47812803645178,6.15401673497985,6.37070885454341,7.6612243961512,6.88363163547472,6.44872079102036,6.64109595154409
"Gene0012",5.88063027933349,5.52250434530836,5.39967722182169,5.59023950533629,6.07089396217618,5.49759830301848,5.61744969074191,5.76227856946116,5.68074986097119,5.5563537151887,5.88750625365626,5.53456592272104,7.01071086511952,7.37370357578297,6.70591895897997,6.8744995005159,6.42319110893927,6.68004373990227,6.76605049727139,6.80699646507523,6.92739378524098,6.66680279066222,7.16059493738323,6.70793849677609
"Gene0013",5.53104811008421,5.55303507445041,5.0779712230645,4.70961524960381,6.44719486284088,4.6924056474575,4.7429026985099,4.47999783010404,4.77212268502394,4.81090766722141,4.44834050821196,4.05833754360997,7.3257068668385,6.52862439999147,6.60227038437656,6.13083714543605,6.67562214172629,5.3171458616843,7.84708474275099,7.20893333142679,4.28768141251759,6.32252587472613,4.86310341601362,6.48414311422831
"Gene0014",6.48556631764321,8.04252436687339,7.20208974423736,6.30954346071919,7.44757972934536,8.36345633297478,7.21353050230939,6.10138086264349,7.449977064871,7.77033330753626,6.0037340379912,8.46062390546107,9.57257169368899,10.2817014953041,9.96467225729426,10.4555874445195,9.65463475182334,9.94488105300327,10.6066484659157,10.2884850705186,9.68780104352552,10.2674210011634,8.47704347321592,10.0854456134823
"Gene0015",4.44344875912401,5.0776261323352,5.92173670465704,7.52610948712148,5.11320832535942,7.25159685123425,5.90541016413483,5.21402550532077,5.33050182188777,5.36564716419113,6.18668716369188,4.78120917487019,8.50561811258885,8.03341308643025,8.92793997252371,9.11355662797866,8.06239837562482,8.67303768436538,7.77811503029379,7.44817185669084,8.4985641783925,7.95279016115141,8.49944502497926,7.06746784006656
"Gene0016",6.1672617725591,6.74460585122211,6.07725073449021,6.50128311888394,6.50927410021878,6.39361092795372,5.79417788111963,6.06543069671266,7.21392175761198,5.76986880592651,6.30097293438329,6.43630678970418,8.35148934733518,7.53400960323012,7.88885232053875,8.41277070626457,7.53024570749644,8.01791053372073,7.4541536443757,8.61931746705651,7.49496081607582,8.39873782360732,8.93781957465899,8.20812332492794
"Gene0017",9.23232044926298,10.3398501601172,9.04002943357777,10.1546845455501,10.6192166459241,8.59180433240078,8.87501773451179,8.87384426044494,9.24081747021704,9.17299985756837,9.34125326338427,10.5828437863681,10.5690677495141,10.8955743623856,10.4775133714267,11.4472914355023,9.93187851222447,10.5518089418911,10.8325618850745,10.4056859518201,10.0390418409592,11.4168205793796,11.0430830383398,11.56105605799
"Gene0018",6.91723003401369,6.73146641256392,5.34901334516017,5.58189558123678,5.8319893744091,4.27795656545241,6.32573255741877,7.06829794638781,6.5625530514127,6.22180476118092,6.48356650345404,5.29894792749712,8.24468990667808,8.74638496220028,7.71293030936134,8.73648216578759,9.28865179513088,7.59649157650876,7.44917511595636,8.58088698853259,7.49701295926238,8.12291867762666,7.31144911086666,8.57501051997728
"Gene0019",6.15024184311447,6.39247644124445,6.20964873056182,5.39406316205203,5.86853021333385,4.93555268711708,5.56618647935167,4.82675613315506,5.1401051805925,6.44894914493115,5.57492370174732,5.39413173629879,6.94182927718592,7.15587022513749,7.19498364881506,6.12979069045857,6.64367467357056,7.47338459157249,5.92749152717478,7.18398049701737,6.41093020086273,6.80896323198549,6.77495606623718,6.98636569129995
"Gene0020",4.37416142028988,6.61617687588699,5.61072247296443,4.82465865304582,5.39277164643858,5.93782201259566,5.74300981838053,4.89493036366742,5.91536738017623,6.39274257212412,5.68503891209448,6.06589876065235,7.72334840028632,6.2467006240947,7.59082472241155,7.06280332884982,6.76741641126715,6.4429947156295,6.41032706651312,6.90838195231206,7.81101947638411,6.74108588760552,6.67039690585334,7.07130178173742
"Gene0021",6.45576702599995,5.4446806386813,4.36301257570893,4.44059900205462,5.69376045995842,4.41101436511044,5.09584482034611,4.36533927942602,4.97596420737166,5.06861070189527,4.64090510113677,3.18766629112517,7.58074271129731,5.71796642298079,6.20484322400975,6.48058523285584,6.89207824865981,6.28839199832421,6.80829361698629,6.34038235668664,5.47847907324667,6.40017475040449,6.94153004951533,6.52362712803765
"Gene0022",6.00311340806683,6.34661560862443,6.52739827720246,6.34286011852834,6.99963921068022,5.90546982583807,7.31786950657842,5.96457621101945,6.48150788899708,5.48803285470678,5.550491783647,6.47190335887808,8.74568153135995,9.09871519933686,7.30293668057252,6.72697850367461,8.80978032539106,8.47853679424324,7.39697231684237,8.08838968910647,7.91389782214755,8.27202492461453,9.04463257022821,6.51342918706701
"Gene0023",8.05532889382143,8.64538500767856,9.19032981917633,10.0543992812193,8.46013510547232,9.63040917558755,9.42917809656863,8.83559353278169,8.68250632776974,8.25325380005562,8.85970823962917,9.41604268097273,10.9751949182389,12.1247693431023,11.4180620751972,10.4916115539119,10.9042607454022,10.9004211796035,11.1042252935747,10.2184995365288,11.4919612059229,10.4866028616106,11.2355241971885,11.2359003786067
"Gene0024",6.02059514250521,6.99112846584141,6.25606195134639,6.51617885179342,6.16438583947817,6.73255796137611,6.89672473231203,5.86227492187337,7.04343492852602,7.21712454093717,6.05572560823473,6.66881008463577,7.8267050294555,7.63753320809537,7.82039751218458,7.93075966372571,9.21794093211596,7.75274026915687,8.03883910170693,8.00778086636037,8.24032753221496,7.86690394044703,8.32913400144523,8.1199176553791
"Gene0025",9.10821808398121,9.76289098374344,8.85841955938511,11.0982353300156,9.36981503788335,9.54067971962193,9.64929055618652,9.75756399822339,8.5363462097481,9.52743136092523,9.35127623968202,9.8158462280545,10.6367239270743,10.6847430382852,10.4870702080495,10.0373379408666,11.458737021808,10.4890477954599,10.480822540831,11.361698366714,10.6886090306418,11.3969979571958,11.2532015740336,10.9305781129143
"Gene0026",9.00488471749068,9.27275199301381,9.33660256545356,10.5238472945543,9.06640700064415,8.90767591714689,8.99433317612751,9.15934738276796,9.22924164037498,9.76995533973234,9.27297075805144,9.70158242628444,11.2008739953223,10.6920132309779,12.7224714757743,11.6754979427116,11.3277221809086,12.3009450677369,11.6850916933164,11.1362702216933,11.3288147198825,11.414320602732,11.6372330075419,11.8593183404042
"Gene0027",7.26465903488528,7.07387828500238,6.91833881181452,6.11200652158209,6.42787600325804,6.30476693698568,6.86501532255418,6.61137276484805,7.19305361311322,6.70348252829617,6.54533848208266,6.8175218619457,9.18145351814653,8.23263665787996,8.38543887776423,8.98083365188027,8.21756370726091,9.06990247855625,8.29236357813978,8.3282669788512,8.28014430516298,8.2566812037964,8.17238334276443,8.83331346708453
"Gene0028",8.11128119367529,7.67226389664643,7.34952861695292,8.91571289794937,7.5951511693737,8.15269523053996,8.84043158369298,7.71103716461119,7.70743442639116,7.66140384414245,7.49493708823868,7.77320620473442,10.1716781786515,10.3773624270044,9.65359223334607,9.65016490060427,9.36341586806559,9.03766067802241,9.40125176714965,10.6993042026456,8.92309105693203,9.76432346368629,9.09870564955773,8.98809267611172
"Gene0029",6.72642438524194,7.86350056911061,7.5368085707435,7.58883856684313,7.69670647404022,7.94737024333394,6.73468690706216,6.67251360445788,8.19626249554566,6.60116759574689,7.86832194127962,7.34069205164827,9.00454330847914,10.417554161345,7.98376386410745,8.69011410213314,8.02517957520721,7.81299147403527,8.62835992771206,8.07827694402005,9.48540021727093,9.3076259699309,7.74172409983465,9.18481336195084
"Gene0030",5.59572420598032,3.88639858518091,6.53880272616414,6.09631282187598,6.03217403561948,6.08532727117559,5.82305935384294,5.74261990747116,6.13914664549043,5.34287620272747,6.38828868136609,5.24410082032233,6.86557139535801,7.28495410255315,7.37635134382829,7.85828370822177,8.02215126420369,6.93762877220573,7.19966122223784,6.30930309196077,7.91451767247459,7.74260038693952,7.28170615275496,6.7170464705143
"Gene0031",4.32632937885509,4.86292400491468,6.16093612566978,5.27141336469176,6.33613208984681,5.74004338290558,5.00505658782423,5.91657971213678,5.14927495789565,4.89174181417435,4.94332528369488,6.282842583205,7.17983970779925,6.70007452962082,7.05763372077088,7.55097744198468,7.81357563804608,6.6876514472878,7.03637856040278,6.76722968975618,7.79371641202963,7.73324941353303,7.39928890595376,7.4356351508763
"Gene0032",10.4318023735148,8.55444610442755,9.95971466593361,9.46826809368406,9.63672918317539,9.5282585595051,9.63329421993843,8.39450385899023,9.81929241102253,9.174433655906,10.1822502832637,9.86937642764139,11.5085870723657,12.0227718110762,11.4117941161996,11.0819447289843,10.9604546316252,11.5279442616516,11.3331855585559,12.6163073472465,11.157633649404,11.8055129893192,11.2311956498942,11.4790513721433
"Gene0033",10.4328350014524,10.7285347660433,10.5350674827988,9.79956325082351,10.0973191174718,9.89376041561941,10.1775723397776,9.83778052526705,10.3546905751242,10.3650299773928,10.0628962009229,9.81408690004226,11.1505791107248,11.8912241596377,10.8470711942708,11.5847885360148,11.1619878643675,10.5866303065383,10.9554803651032,10.5926516813032,11.5606309537667,11.6619443167253,11.2896028953807,12.0660823467013
"Gene0034",7.08086070574638,5.69372083005815,4.42588445827854,6.83674987349805,6.61128748668523,5.38918174554454,5.75353960588246,5.6159285117165,5.51967592214142,4.64552886979678,5.20975924452486,6.78279610161812,8.18653827569923,7.07141843256548,7.63196437757589,8.318914779838,7.02089091431092,6.99505867048126,6.65122959599949,7.50224581582882,7.91174524234083,7.17825368121063,8.15761187148561,7.1745205213499
"Gene0035",8.77062807061515,7.93060961496419,7.69607493785519,7.50659771239164,7.14929352407256,7.78912092632546,7.50213393052713,7.56176599355373,7.64564964158943,7.34783556582508,6.62591777947357,8.01273873951013,10.5094095164294,9.82738070171332,9.1310744871476,10.3402841791377,10.4803367734166,9.85126639183822,9.23908800032052,9.15447628300629,9.77173796141575,9.43047554229928,9.4300613874211,9.94017815585688
"Gene0036",7.87407736195737,7.47604015809433,8.64665258806527,6.92819030634527,7.42438346774579,8.26794329566188,7.60764403994837,8.06247557821566,7.98904378151034,7.44119610993705,7.97471764083745,8.89914634191957,9.9399198434038,11.542252830866,9.43212001073137,9.54239563951804,10.1997461970615,8.58651781764752,7.86634064971314,7.99361239791321,9.94409034843988,9.09704386634677,9.24972995940614,8.82788823667757
"Gene0037",8.83444724393493,8.52242050668188,8.23945259062247,8.36887841367388,9.05499553574666,9.28224148257016,8.79500554457002,9.48736457669189,9.16077065680598,9.17552478831572,8.66287133396217,9.06318077206168,9.50851261718546,11.6381400616027,10.6080525966656,10.1739311826566,11.7231433868714,11.0174461793393,9.68228230697189,10.8242487643616,9.97561087032726,9.69653466256634,12.0343750256485,10.612569629922
"Gene0038",9.34733402758247,8.79208462501221,8.76461842967938,9.90014283998284,8.94305334897965,10.247882508445,9.54098588895355,8.75238764232452,9.41659907460343,8.53671069856562,9.04726695879639,8.90206636486861,10.2216548581018,11.9471869349979,9.54860621666306,11.0952386918709,10.3321151017789,10.9059515612603,10.841129016606,10.6353803317054,10.9862273528298,9.75426787842724,9.57831346968622,10.4935970661664
"Gene0039",6.53161065920256,5.71575889960452,6.15153635247743,5.03714394722647,5.5465948913028,5.47462689241762,5.30131320993179,4.51010501441568,6.64231174634625,7.16769389976073,5.67555537250966,4.95178332300645,7.37641930093467,7.1774447743412,6.32522644169297,7.22758742142425,6.52719801868073,7.54554341381508,7.94294426598433,7.48240395827895,6.35002838456153,7.49588086671214,6.48746099865261,6.11311495541845
"Gene0040",6.37197494512827,6.39140318078924,7.30228605744346,7.29951258671768,6.36227353388771,6.74885866520839,7.00395007774316,7.0999401787422,6.79719472441211,6.04046717929149,7.06970310248063,7.27684404176378,8.91675248200421,8.80354434085664,9.56918114726112,8.78569352207583,8.88140943221596,9.06318549117108,8.78726459758677,9.04504223438682,9.63884971736096,9.03772808373282,8.32279789330508,8.99231965978302
"Gene0041",4.49783905063829,5.33067153136323,5.2729304738005,5.53183716050594,4.74517133733712,5.34092702854896,4.94575058884874,4.74932637933562,5.05347183537362,5.52302073231965,4.27804957773539,5.27409244520134,7.70143136159313,7.6697266274711,6.38232738086433,5.75033791551282,7.71052676276134,6.57634560369132,7.15733372088168,6.6621117865097,7.83028660759455,6.70476353782451,6.91012804776655,7.80967980257778
"Gene0042",6.07602350309772,5.13682584352548,6.13344158923288,7.4302749806763,5.35237499513482,5.26516538135178,5.2184935974852,5.11542975490523,7.22905305440143,6.22873155630953,4.49577193202893,6.65656291454004,6.53718703608419,7.31014257830046,7.37727616690133,7.86100903069458,7.2036057107018,7.01164864964806,5.14253362204432,6.74092817713666,6.87726204420968,4.73955661255494,7.74527727450299,6.26918749446248
"Gene0043",9.86337981673084,9.58177492373738,9.99304391251729,8.72033191621093,9.51855670654612,9.61020804290392,9.59936181823558,10.2720334127925,9.76372972684731,9.07264728867978,9.36931562688374,9.94023866944577,11.1574772401448,10.5679358476729,10.5290985102252,11.0276243837451,10.958405985676,10.5328326014652,11.0960304907059,11.4834058251452,11.546393816012,11.3152755356191,10.3069864369767,11.3581588286142
"Gene0044",6.50322456768403,5.2525452103475,6.59668422372837,6.27965031203487,5.82093260447439,7.06455821380563,6.15574843984508,6.53630509483838,6.61536436721009,6.65142163882664,5.68678994948102,6.51963421812659,8.41431985963184,8.72909924772018,9.10391616115705,8.56771047248975,8.54965397482333,8.53865286532372,7.41007107685442,8.7260995412051,8.23221465072956,8.19925305414373,7.71100930975143,7.49813743678842
"Gene0045",7.13241756405983,8.03542220304513,8.20708809492593,6.95583465822162,8.00085117541572,7.8827297854119,7.02926105921367,7.55775986167199,6.65680802107879,7.29048080717205,6.7702038952832,7.10663667484411,8.4982078272452,8.89218088397742,8.32653818313842,9.04873268828841,8.94901895852786,9.75961922619966,8.40875055018732,8.17656778720717,9.41815667763185,9.58871139571824,9.43761294862554,8.24708404417605
"Gene0046",6.52217715671317,7.23481990936302,7.31322537078045,6.15247089578969,6.79776490196537,6.21860986709671,6.60935439473129,6.64766738037022,6.17454196619891,6.41010310237836,4.85886236372514,6.94957032344444,8.56267844490769,9.15195712574018,8.31697938813131,7.47792637196952,8.40260943628945,8.04832698450667,9.13420999086833,8.49517274406386,8.41413793058543,8.38980093754877,9.32303432471909,9.18155087503605
"Gene0047",8.93854675419346,9.46793330938533,9.15724697907209,10.3931372599732,10.201028352539,10.4956682103941,9.64252468393644,10.1584945892216,9.64830567885954,9.15686164621725,10.8122470531484,10.3633567706061,11.0157370731883,11.8984451215276,11.0164277199613,11.1428999851424,12.2497587912939,11.077943010486,10.0938145970153,12.373930378339,10.9270572736822,10.8588485239466,11.1383464516615,10.6548417801287
"Gene0048",8.11524550987142,8.38681552140509,8.34756311014846,8.94025189273741,8.0653579865855,9.10222789889291,9.19910369764246,8.26504698187929,8.02805023419381,8.02692245680904,8.35342772077894,8.35977710456748,9.97697915556916,10.1082294240325,10.1740955546653,9.30155230128101,10.4195762227569,10.1149722072473,9.99947448954689,9.58905498508632,10.712925142394,9.98527570552971,10.519719011528,9.88518562709596
"Gene0049",6.71173913051956,7.65410608675677,6.8470745030067,7.60115842607487,7.97483344438765,9.04471163180171,8.60537894497992,9.09734815156014,8.01365781237528,6.22034735025922,7.18044842923787,8.25063020589304,9.48269210993935,9.61777828490406,9.20240912103696,9.64212817414622,9.60984463148052,8.50705265281319,8.23943721777923,8.32518713115808,9.05034101744089,8.715028219187,10.1444725613654,8.93976127928366
"Gene0050",7.60379417074128,7.02833336186459,7.39366709556738,7.26106860035122,7.21436635678483,7.20381760000326,6.85809587738831,6.99187950765277,7.36332096013516,6.04570115221722,6.6494830782992,5.97076797908625,8.2122351941126,8.86800596971458,9.35525533991053,8.08845170535447,7.75953155377786,8.1058166079566,8.61606359654015,9.3295461796538,8.9885860358842,8.67258724365462,8.88654615183191,8.73487000735632
"Gene0051",8.70042123179446,8.40277817594942,7.81615510402785,7.08139542923152,7.68094759366573,8.03007556745321,8.70783810835462,6.64013742756977,8.47070945315771,8.66851790429122,7.45524212566503,8.53194502092335,9.85580910923188,8.82964641080424,10.2651849607158,10.1477555093181,9.64162843573006,10.2062498173394,8.93081950354322,10.1364433078433,9.67372639433109,9.3546035702216,9.31335917172546,9.37054611698268
"Gene0052",9.19886870091711,9.41482547162921,7.94727210089135,8.21722741537062,9.08536742227094,8.88600155280963,8.30115281773539,9.31017371995906,10.3707758929941,8.90128864573053,9.93405361809546,8.63929084535107,9.70150737485889,9.09587083301681,10.0196630539624,9.95882098799641,10.5469951983873,9.80042579983496,11.1417085608487,10.8184792771579,10.9838292321215,9.76967105496424,9.77845201018906,10.5124060479156
"Gene0053",8.77570006139769,8.88413984263143,8.32507983020043,8.793373759165,9.43588008040213,10.0400891356546,9.84362971552612,9.36175689999787,7.75485402171344,9.43090951839467,8.7137251405833,8.93210381834666,11.7737114733305,10.464073521031,10.3331533105554,11.2809309009969,12.3468087464208,12.0502684738058,12.2502638199974,11.6494258549566,11.1174491275505,9.51448479515658,10.6761164154748,12.0280628538705
"Gene0054",7.2779251744985,6.21256201683572,4.75213356081851,5.17992023504356,6.46435343186512,6.17370489558136,4.18788609090019,6.54890593926313,6.52609585593016,6.7631153104216,5.19438338881165,6.47362706795415,8.41721734634975,8.14184161465509,7.91008654179911,8.95743909764339,9.49708971108894,7.85256554950805,7.95333066654113,7.71232412017763,7.799828762127,7.64793245304174,7.72971046606647,8.03658923614666
"Gene0055",7.00909013461195,6.33036256202843,7.21910994136502,7.63036914941486,7.09987847735459,7.29090329891483,6.93102314023319,6.59416490805199,5.98478832520715,6.8725491450574,6.70348252829726,6.99159324731976,8.54568694199271,8.65904102831367,8.78464063341646,8.68233933417837,8.89134372311386,8.43946836595001,8.4279589437352,8.10240773399088,8.84743270164958,7.88865227119141,8.78513319747228,8.33323191520782
"Gene0056",5.66083226099689,7.52729623792944,7.81304516709378,7.06140747864936,7.99187579914221,6.68897679821872,6.6784710194143,7.02854604193536,6.54400702300037,6.26602471458809,6.55538301900637,6.29828079504386,10.1421658781452,9.85522354722323,9.82976637339497,8.0141259804294,9.0338726052375,8.7811294902247,7.45607003917587,8.37949875560437,9.48240101272673,8.94248522529677,8.43957213150682,8.53051752902063
"Gene0057",8.21719455221698,7.69664272008113,7.20213192381545,7.83830615749835,7.78171876258622,7.78436815048543,7.85364303424363,8.08720935115289,7.11108967104828,6.95275645206338,7.55803726540733,7.54408972276849,9.13421337264376,8.4269489117409,9.08266916705521,9.69277003788287,9.71795046504767,9.25885529246993,9.76806372356315,9.42424023244598,10.1465392379443,9.11000161091906,9.22471827037314,8.93333372068036
"Gene0058",6.94045756908446,7.66978070442243,7.59869455818146,6.9859288939802,6.77993187770964,8.39299908887927,7.96920273694728,7.11113543408644,7.47814566422573,6.91390350461647,7.93184041834433,8.01999710259577,9.85089710442538,9.63322363104851,9.11353378758143,9.13032615369319,8.45728985037815,10.3990685041929,9.11245007627402,10.4646662273636,9.66634504548071,9.59358357614511,9.9658928410358,8.98959883799333
"Gene0059",8.35876705275557,7.51995494076414,7.8848089574468,7.39763913503254,8.27404265746915,7.64237254022951,7.60905334191951,7.59672027910802,8.19695507463031,8.50665190714354,7.95431228485745,7.38656968062085,9.52594765875766,9.5829477642392,10.135958725543,10.8168748964928,10.580604850944,10.5472658575499,9.97952847767763,10.1851991131095,9.16266759943205,10.202611178474,10.6081938534352,11.0142553612193
"Gene0060",9.18813029053197,8.79159149202896,8.3815606047079,7.18476070399266,7.9886142625171,8.12663494623381,8.46498014931512,7.36868927129921,7.530159661431,8.25819545571992,7.94707113199873,7.34423901207415,10.3678820334397,10.2162013492459,10.4527336334805,10.4213851780323,9.99404815141841,10.1177136239379,10.1427162431149,8.81328138200668,9.15355609850525,10.4844337453101,9.05574974704558,10.2353867798533
"Gene0061",7.5729058180382,7.22748567132526,5.60617077059974,6.01702779704068,7.12660765906191,6.08646892458249,8.1248160659117,6.21082938248846,7.00544779969201,6.66778306428159,4.63017262001698,7.15775517319522,7.9336822622007,7.3660151601772,9.36725391298223,6.78324598959404,9.08192824127938,8.54653740491739,7.94707021604383,8.68525352541635,8.47986801426481,9.5747171080028,7.81035829503933,6.2909008222901
"Gene0062",9.27266625734791,10.1184261735432,8.72044260431746,8.04914157007411,9.19242830971509,8.31844720137372,8.37040480241129,8.61873046740914,8.57844335086279,8.72844321514821,7.93798006167963,8.93248172019439,9.7167891509015,10.6267562120048,10.4183571661041,10.6789092591773,10.4545231822575,10.4278386147185,9.77712036582057,10.6350458036196,9.77090249171792,10.1540104334887,10.0944562941875,11.1194948854367
"Gene0063",7.23671020104177,7.16343814656983,7.35712217693527,7.4673899057244,7.96438248511953,7.74155035299583,7.80564467335001,7.29108180563431,6.87376683350225,7.38066992473706,7.8475234902668,7.87942103719711,9.20467985804535,9.4729834683778,9.3094535599928,10.1227041673603,9.33151867711951,9.07077345035581,9.22869341065096,9.12631253377456,9.49194437272197,9.3236657122854,9.66201353280294,8.7185648422607
"Gene0064",6.28138709634083,6.00564906542598,6.37098766427925,6.62177003525957,6.52084762814743,6.40494244943191,7.33902736352502,6.11332920960067,6.41040818851416,6.62978869100302,6.50445858851739,5.10890149593164,9.44234373302787,8.45323479334001,7.93124666910504,8.24107317756714,8.26041884969232,7.86296720253714,8.06993109640386,7.43940106550754,9.20618673805249,9.91219820627144,6.71639761731857,9.25002315880175
"Gene0065",5.73737176930966,6.45282836702697,5.80674000595316,7.0945232896029,6.68067790770221,6.57738004019279,5.80494719616179,5.32657211156932,6.79917563828668,6.46145647991244,4.88288672846872,5.55132226391277,7.46615293694002,7.69436402398739,7.90552531448944,8.7406337657336,7.76760589907188,8.18452891075888,7.76438100565091,7.05333100983381,8.05403104020504,7.83064584057973,7.84641365501612,6.87797035619348
"Gene0066",7.16364038807876,5.83558174997285,4.64806023774086,5.19478055144272,5.91303146986031,5.15182542524216,5.06784120192539,6.14066890251649,5.08306647483532,4.77844731327396,5.73557708684029,5.54812865119425,6.9478914287935,6.95218286287556,7.30645601468471,7.39553653026987,7.13374696682949,7.94529280481074,7.15141925773931,5.82052904263136,6.94919859741772,6.55015950292195,3.97594610720285,5.04097603153135
"Gene0067",9.26678975270585,9.76433367485964,8.1340371398454,9.23295310590543,9.219843787017,9.17584245797076,8.25281040513943,9.67355241995547,9.25967598944854,7.93971877273419,9.5298763443361,8.49506694819331,11.2073825806284,11.1523468577486,10.4050617939929,10.6793057722054,10.390218475152,10.2039427073441,11.3269070954609,10.6754306867634,10.6581183021346,10.628689424307,11.486612833535,10.8460410359058
"Gene0068",7.74576649338265,7.00145820798379,7.64707801504427,7.52322308361882,7.82046547935235,7.78656563660804,7.64169933585027,7.78607267053663,7.82479199997132,6.87141209981302,8.71045486921102,7.34846007612447,9.0069053894597,9.28879644011868,9.16427580144967,8.40383297487693,8.94872042883776,8.80216485447414,9.8885202148743,9.97581253888094,9.81696859559166,10.0843184282181,10.118148434982,9.84601917470951
"Gene0069",8.00086542642281,7.92012927637099,9.03726691340805,10.1343215492997,7.98527594189511,8.52880950915761,9.92819353598106,9.12789315222024,7.71171583196553,7.97502564090962,10.0790155732472,8.31810583820227,11.2807970360642,9.98085730788736,10.161920977597,10.9685733565967,12.0430008759306,8.50549811493379,9.703946695698,9.58257083930949,10.1846872359556,10.2407594272504,9.358517818111,9.29774814620469
"Gene0070",6.76027544438043,6.59265563344954,5.58020417813831,5.36447780241021,6.65341099081861,7.33720046319961,6.38228613759694,7.67477048066399,6.29706763593836,5.69292434384066,6.83145505321663,6.12347421067182,8.55714736460706,9.48910653679058,8.10640210507511,8.73131612080208,8.23038182482963,8.25200397174426,8.06291178072245,7.90808475045695,8.02149827067065,8.1900863696986,6.93724905801873,9.06751508148534
"Gene0071",6.46966502045368,6.4649723835829,6.69862827589918,7.01087129110321,7.60233123070857,6.26574566650201,6.44068771296831,7.17446787894052,6.41551478707196,6.52704095488852,6.81081687207959,6.11958245709051,7.66713001250664,8.60810953405233,7.93800603237671,7.49814126658679,8.08847233011882,7.90809624169316,7.36477629542645,8.6482079283055,8.17863252134885,8.63501692880039,7.72125080118028,8.08270249039424
"Gene0072",7.25565773079986,8.39362244197196,8.88018576139289,8.1509244550934,8.63865292163243,7.8505241394152,9.80649785496123,8.346163932882,8.86319678101525,10.0963984622317,8.91729446147859,8.56981132636553,9.53231637090671,9.34561891504165,10.3733306109318,10.3530348742957,10.8673223465141,10.3364411252954,9.75332694216666,12.3115837463312,10.2051574758455,10.2606456876402,10.0760273689749,11.1977750310043
"Gene0073",7.71853658716986,7.99991563964524,8.64813588374702,8.72380888512308,8.41272246239375,8.61592327047076,8.49493298167325,8.9982274123938,8.62631943863524,8.03504299899836,8.99172482368828,8.4087214868026,10.3040118602185,10.6928607764249,9.92181926081058,10.7000419480521,10.4726429795106,10.9287726223828,9.39895650162213,10.8189680440221,11.5202329782971,10.2231352289196,10.84981440331,10.7631888530408
"Gene0074",5.43178755289026,4.78884255289322,6.24277799665486,4.86360933859661,5.95346545462983,7.06368667343707,5.05758677769079,5.29808442522109,5.85551849972919,6.00769786958664,5.426249271397,5.99550050094508,6.97229172901054,6.30338000771556,6.69925064302599,8.16550911561985,7.18789343463818,7.17339360831429,6.31130558573187,5.54121747371795,6.90856178788732,7.18173448541842,6.98426313145235,8.35315822972877
"Gene0075",7.19448275082219,6.59020403075073,5.67701897939675,7.68763598797727,5.86671167144495,6.52183062675824,7.09424998186064,6.02312711027878,6.09956834582675,5.64650490022171,7.04416657998854,6.49895760199935,7.4906511801872,8.00646345995622,7.01517933966099,7.77376457792423,7.85780514347366,8.31776267248324,7.49787122768518,8.27166439772772,7.62070129420002,8.27052063322289,7.99830050157787,7.48053898664811
"Gene0076",7.87795612907452,6.92431840945945,7.9142877593979,7.30021246219424,8.24035081485676,7.32127230454515,7.03444827554488,7.36747848370741,7.63293361748705,6.76665519906689,7.05124891387179,8.30205101221341,9.13482250701039,8.88356988365069,8.31808778212951,9.80489610363207,8.85328113381884,9.53167227497716,8.3269474214695,8.4769993807713,8.69970810337967,8.86484066271441,9.22692968418691,9.22473226923791
"Gene0077",6.43828190100202,5.90128525615438,6.60636960691815,5.31476975892657,6.78310292455637,5.55827564098776,6.21596459773481,5.97316196494103,5.6575679116663,5.45867691213961,8.45295610536126,6.76316535780184,8.22146469538784,8.83076503270683,9.71800888470447,8.13190418436969,8.34336187239028,10.2419062149309,7.3547637584989,9.04442466310663,8.09504910571257,8.91767433824802,8.89703897314228,9.53670013878202
"Gene0078",8.74105076535652,7.84430883500805,8.25779250117689,8.2341826834016,8.57843537492194,9.91123370648886,7.25292328877317,9.34121644100168,9.35711063755465,8.6070277752948,7.57564801537455,8.09987348188415,9.41781818234985,11.0976665079494,9.64678666615199,11.6220653808275,10.8472525125232,10.8724388188324,9.56880060242548,11.3579184299534,11.3096889345361,8.79822935136573,10.3469523543981,10.3904330538285
"Gene0079",8.24122136578157,7.53969513202655,8.21055499081519,8.49389021651774,9.12030421238708,10.1516839885546,8.73386775501936,9.10010611532872,8.46619951468159,8.56928326714455,8.74069279853006,9.06026539664926,10.8128864741363,10.6898134865833,10.845672675682,11.4866681341218,10.7049692186611,11.7326136033898,11.4016532365532,11.1806045287357,11.4829922926652,11.2044374731894,11.0024656671627,10.0557603501337
"Gene0080",6.34435802713482,6.37095261919616,7.53323973088856,6.49250445242564,6.89390997540116,6.95278224232181,6.33475659862534,7.65739273027656,7.26776174794864,7.31004465976457,6.45577147191012,7.59819595703724,8.26731400773473,8.59630779788908,8.38269847072695,8.08438595727435,7.91622906391918,8.49645431559354,8.37328625413672,7.00465730684339,8.85629419456558,8.12462464119758,8.66396294897466,7.83831134641256
"Gene0081",5.30445634424428,6.57771519517154,5.69748314283417,4.34258727050255,5.31540291294356,4.95591821831251,5.2486317394076,5.02193291726055,4.93874248232351,3.94877250706816,4.78590486676516,5.21616465207352,8.06736417311711,6.97621293819729,6.63783278410338,7.01329467452208,5.94181051369542,8.3269332482029,5.85002035503119,6.20423802750609,7.17667741809143,6.59122033321183,6.66122728133634,8.40688961702105
"Gene0082",8.11689615339,7.85451118211544,7.35411099503602,7.6919767874371,7.83161381767173,7.59789352986703,7.67784839006448,6.75870135803337,7.90205479680175,7.74730876313191,7.39872279587202,7.68428234634429,9.34981971539005,8.73728316878322,10.4333155362199,9.19256014476249,9.3516443108364,10.2070027129922,9.13392883798315,8.15610401338572,8.83487329882835,9.00818530435687,9.02969902618289,9.95805968356905
"Gene0083",8.5051422640529,8.69954135426403,9.55388739613281,9.1500294677534,9.21280306039055,8.80179371750432,9.32124368809184,9.40774028443122,9.38537563714725,9.09323591920197,9.45328799793992,9.28020717167471,10.6443029481497,10.6399381534768,10.587914269943,10.7699368694185,11.3267527775841,10.4983854556062,11.2839001871515,11.2021056891576,11.292108275184,10.8603120203634,11.104467422088,11.9600188362375
"Gene0084",9.55085155561146,8.64962718515141,9.07682663898251,8.83898859001083,8.99237678077454,9.68981934077609,10.5465027806221,10.2787950338003,9.18116020842529,9.46816200142068,10.2957893507784,9.96678616989427,10.8570650010641,11.7563783153015,10.8256254701895,10.5607217556097,11.8732117812444,12.9795762497997,11.893552900904,11.6884506629107,11.9771706938886,11.8448389938616,9.60438787479249,10.8008832480266
"Gene0085",9.5500588603345,9.3026219193293,9.47819028274788,8.84873418301529,9.95255991833112,9.14328337586913,9.69742980132055,9.68641856475747,9.60087156004016,9.07612557892154,9.26258649427963,9.42033848697798,11.3064621089988,10.1933421549414,11.1575633380614,10.7140083818909,10.6653302789112,11.8636057603769,10.8413170802682,10.4709238954127,9.79698127666598,11.5566013924072,11.466925248615,11.1733086872921
"Gene0086",5.6230382075074,6.47885791292847,4.66823458940893,4.89958031529926,6.88264023669359,4.71185745846338,5.98464263594401,5.28705133721109,5.22731204684992,5.25100313382757,5.31893411177324,6.09322594622903,6.51392835618055,7.00843376040134,7.84584764173804,7.07786549207306,7.21930292499574,7.14367767977959,7.09635917251974,7.04997936254121,6.98922416716161,7.02925950454738,6.9879365990085,7.0343301032737
"Gene0087",9.94235978665329,9.53255800943423,9.99822696458711,8.69836559442387,9.5493970133437,9.21635828588205,9.01357891538203,9.40722953050986,9.24371792293915,9.35385463752316,9.24377065037734,9.43018046315999,11.9652703249263,11.5680318117342,11.924057267368,11.1753811615939,11.6290602703258,11.3934540722134,11.3238262132568,10.5618633613772,11.0536467206351,11.1335210329028,11.2275860173389,11.6146270707677
"Gene0088",5.08791050392793,5.23789498269574,6.15113321738102,6.52454736221813,7.71556540599018,6.8196028595296,5.79175099648923,7.50125458493052,6.96473416054534,7.15103182927523,5.61015590874348,7.81881507654874,7.07591282113844,8.71650752497254,7.73107406042442,9.7166723590026,7.15986269020628,7.7923429627648,10.4844530401783,8.47343722912666,8.89572196733889,9.15450211515637,7.33839712989344,8.0301300702935
"Gene0089",9.98406746269913,9.90930598619514,9.91231364123312,9.92965549432392,9.8695420919435,9.38440461794386,9.43205568345078,9.76779223894459,9.91102462028769,9.90577636620492,10.1403809870708,10.3632897973561,10.9447358031702,10.2952265632345,11.2202548941038,11.0122463025325,10.6045717470749,11.1609741524079,10.6738681871774,10.8357357224939,11.2906733815746,11.3613941434453,11.1935686411095,11.1373363234052
"Gene0090",5.78971179536441,5.99310395309756,6.02552811105261,6.5655962082804,5.95626580844474,6.71528771464909,6.66304353490476,6.63091727417815,5.59214235838649,6.31039219094442,7.08393549053057,6.5461613876605,8.82023041781542,7.98163079054535,8.50879639337556,8.26715847946434,8.49793288156584,8.87896921047066,7.89605158850507,8.37107784975877,8.50904374345211,8.66516650153521,8.55487651367361,8.05710168735084
"Gene0091",7.10287661299848,8.17186272186681,8.03299615484579,8.02158138094824,6.21061317806959,8.63460738285792,7.88511848286888,7.43374691545885,8.37752479030572,7.26897327297263,8.75164663426681,7.37361063568082,10.5447285842701,7.88467735945493,9.20190807029576,9.98191650186427,8.24604812433433,9.23257823366234,10.6422086838102,10.3831784862676,8.79199870843073,10.3250465204824,10.1645328840099,10.496000868334
"Gene0092",6.53313768470212,7.32849222348565,7.39389906531319,6.1105391054509,6.63531467487509,7.66695207530916,6.67071434997313,8.80669922096038,6.45479711948483,7.33906176762865,7.2972738654626,6.63005552429856,9.4060945954657,9.69046790301311,9.87425279647741,8.42159618793184,9.27502013350093,9.57017699928578,9.8532979882552,9.80650705036917,8.80855228593891,9.26065678337687,9.09102168297607,8.27647110043567
"Gene0093",4.63633347060857,4.79718307647285,5.07561297395627,5.64116726525726,5.3662510417232,5.13110686996416,4.69050748710993,5.49799707105063,5.26433323764022,4.65213638791879,5.18109174837099,4.53084917814504,6.88774435416045,7.68968326064147,6.51470960092224,7.34714891329056,7.91550846836843,7.098840079605,6.63562733104357,6.60742906691819,6.38322311931379,6.39882907059547,6.77086891380086,6.59575956940851
"Gene0094",6.45181571662511,4.4286515527087,4.54737335197513,4.85277322487494,4.95807007929255,6.07237552280843,5.48741329279918,5.64935221581264,6.02650263263805,4.57068157156329,5.3360753678171,5.89482086626918,7.34750991286023,6.44975429936739,6.88218860164998,6.50170196133661,5.90977489180377,5.87290228551032,5.50396255672249,6.05667840134708,7.41203695176535,6.3076257052801,5.73796035701752,7.87466884762278
"Gene0095",8.01027131260289,9.215303675791,8.99186267618938,8.88755705958562,8.20344859795157,8.36907479852623,9.00043717843614,8.78154843702188,8.14050666941283,8.44693050393696,7.80442500046611,8.44906334161456,10.7685810967225,10.2020452684999,10.0503505429222,11.43692784581,10.9617474583246,11.1629026343941,11.3776158043789,10.5036059501383,10.8269488273473,10.6420703813852,11.6147630646781,10.658459546702
"Gene0096",8.82148156352348,8.99788839972785,8.77555710286479,8.97118352590811,8.72435152964006,8.15182526997644,8.65364305303994,8.79484896128377,8.71611637257874,8.66342758372368,8.97117581200611,8.80743527903589,10.7883382085702,10.3763601119816,10.9596925520791,10.478397385412,10.1479722629831,10.4689867526909,9.97592884570641,10.213673438309,10.3436164714483,10.5977042789487,10.3863565887472,10.5121375638571
"Gene0097",8.1602082693937,8.13962806278682,7.91982260895963,8.52261255075707,8.37130876048823,7.97471500826364,7.80375817850887,6.38159040183699,7.1864134791402,7.54829568205377,6.94406445576771,7.95676334397756,9.40812139925184,8.35531674291816,8.61015946104937,9.31574504272051,10.0265715888856,8.72354099629814,8.7114189057752,9.79922176347579,8.7456806070265,9.04962593517506,8.55836587911044,8.46898100243345
"Gene0098",7.3892294788226,7.25601622466926,7.33135072129733,7.15881114753254,6.79953922231485,8.45995839412808,6.90843415771324,7.09972070422052,6.88112276214392,6.1927755199285,7.12775368246417,6.97801624227807,9.40216433810304,7.88955247040055,9.46620562862783,9.70804945616031,8.43648642480668,8.38423935386062,8.43035598822283,8.222425096067,7.83332308634574,8.56244278899521,8.77876740939886,9.55945908238616
"Gene0099",8.02167141811872,6.71849566459469,8.777199244284,8.10246266176801,7.49885569620822,8.38527605042293,7.93192378677987,7.77727131508207,7.5463807374414,7.97988234730814,8.21589830728543,7.89214554233936,9.71749998000002,9.97970739958635,10.7721005551811,10.1446994959326,9.61096477744054,9.89820036831967,9.9847143303039,9.50189189415941,10.3172857918635,10.0100689910932,10.3763585325018,9.54961466778815
"Gene0100",7.65825395575268,8.00056415075168,6.25000710452183,6.77437251895592,7.96897932606848,7.25707739659833,6.4721550802675,6.95055616415765,7.05280583305842,7.35816666063566,7.80754420078821,6.15397333554804,9.34000552277389,9.08219733802782,8.52182232735155,8.51028801321919,8.87509319986195,9.09675056421943,8.95627873381683,9.40613478841391,9.49377162315444,8.58582836727962,8.51529749887694,8.90187733189627
"Gene0101",6.07249599483719,6.0224471789268,6.80413553988221,5.34880969316454,5.53667015059186,7.28488001405302,6.65652496917533,5.65960050069993,5.724405484055,5.41656136834871,6.44158140028556,7.0688641325338,5.39858100078758,5.29885187369113,4.94758208535864,5.34384165961735,4.53603882667414,4.71692156931248,4.89943463458309,5.98003282981491,6.34428184390192,3.88410986328499,5.16719400479497,4.97554926316419
"Gene0102",8.24452189038002,8.21068861902587,7.95338466417969,8.27843951777787,8.1155245420333,7.8441646561229,8.54728840087725,9.01908489703164,8.80105537558957,7.73818507778314,7.27498099882294,7.71944230125601,6.62747408526584,5.08854878527668,5.86344857519995,4.89581100890668,5.96433648580885,5.41941263340472,5.37001463135369,7.02901689017028,7.00262205904279,6.56010492122705,5.85315982830753,5.95013155480255
"Gene0103",8.34833322324598,10.05563550499,8.10555598199354,7.76894796806777,9.05300298955983,9.03218217935321,8.70389376234473,9.49467717914935,8.58438746700617,8.07816105127417,8.3424530967069,8.48173313413486,6.32194552264797,6.77283113141984,6.65837551519566,6.55492214717787,6.09799682628414,6.52161773900231,7.38608602879976,7.24632036383228,6.87233347566161,7.43897958473832,7.40731998237798,7.42573796918496
"Gene0104",5.50252258376908,6.32819104352486,5.91347522378498,6.37911112086947,6.77238590097984,5.26858349927411,5.85273873484188,5.37560141811113,5.79485203497764,5.9937215352115,5.98473524364284,5.61338483363094,4.57950523837292,4.83114134524797,5.95605357266366,4.9968963718601,4.36524330714827,4.75720286907118,3.45775057872993,4.30072495543183,4.29303848599945,5.02341370386711,3.91982557178103,5.52875226280332
"Gene0105",5.83497086425986,4.61640137003952,6.14313038555362,6.61443755264241,4.3918510949196,6.80518856438118,7.00561049023862,5.75944746860226,5.91161013434358,5.80958120048612,6.07079154686292,6.35125161306839,6.14587011091455,4.06186939390407,4.67250886754262,4.785000234781,4.03316381013418,5.02393336142442,5.94049257867663,3.60983749711226,5.15105319814099,4.55611984528002,6.39418635274592,4.77987291284521
"Gene0106",8.39073306786548,8.55063484745935,8.96918305930718,8.4449720432285,8.08270848846279,8.3145144656656,8.39783525088377,8.36532099504347,8.60583909557023,8.02876528658998,8.13766926122538,8.10279615617513,7.17459648434587,7.10000802755706,7.14797076297812,7.31280244857616,7.11176628246275,7.10522568756347,6.9251664909672,7.37336816332113,7.81074659610771,6.27679865977551,7.3112925268114,6.22824290359828
"Gene0107",8.20082092671825,7.79234694997402,8.21003133690515,7.9138638842887,8.15976575322295,8.12723446733231,7.97893856745147,7.41332472527771,7.84014018774382,8.59161811134298,6.43569074091947,6.85503219131918,5.71585290239363,4.90336548719646,5.74502066196921,5.97684298289136,6.46620024988715,6.01195415794664,5.70780122809268,5.20386247699928,5.73623180824255,5.63336246371655,6.70173896201877,5.68917718425573
"Gene0108",5.67688125571708,5.90725511764181,5.93674921904597,7.87044202805408,7.34609791746703,6.7978167968757,6.65391386307531,6.14469531933074,7.00582898876085,5.52077281505011,5.9319781472057,8.19880359300324,4.3094326770754,3.99000600701401,5.11363791431499,5.05188980773826,4.54576547963717,5.76538742956652,5.30627664833086,4.27627535246378,4.35469207281948,4.7332193254359,3.78348882342126,5.53080519886764
"Gene0109",8.45992833157596,9.77211384069,10.2434545956965,11.5079736662409,9.35111826294435,9.75704847101822,10.040881112384,9.89562182952126,9.18622816629039,10.175368156889,9.25498236784093,9.55629805152928,7.61850615003636,7.10778444842104,7.9285200353082,7.9438645790486,7.91166942153627,7.91125059538869,9.06614314967221,8.6128310042649,7.61447161436905,7.36075745201384,8.74606665321987,6.90911112417889
"Gene0110",9.01460505384657,7.89974785505297,9.35738012137897,7.72324123334787,8.3510060191089,9.42966859803006,8.5235011303869,10.0371185763696,8.23902680522572,8.57312740307734,8.18639924004221,9.34942199930945,6.49807208686326,7.02454446904405,6.84516407390254,6.29569254612945,5.74119800386918,7.54839148206139,7.38333101706944,4.70789095254768,7.14161092979179,6.54626430255862,6.74219118266584,7.52024627092327
"Gene0111",7.12424803014452,7.28612683402906,7.64268416576936,9.2395721009031,7.33854454338713,7.37654730009071,6.74301445252879,8.67649656910381,7.33267703095084,8.46523527854405,8.38431901750251,6.90244641785834,6.76372682996318,6.62560892835721,5.42927843557934,6.41175819483435,4.93640811329198,7.00735650968963,6.40671806137122,6.36702162848405,5.91603111813001,5.93596038364695,6.47574410091805,5.19676441341756
"Gene0112",8.35151621974554,7.69203264911213,10.0735224669184,8.97077197738417,8.01178329628191,10.0185700936346,9.41964618035551,9.036626467001,8.48741049785658,8.63829750695044,9.25416722220549,10.3525370753132,7.42872349984828,6.25966123813953,6.95876149277751,7.07688433090926,7.35633162598353,6.07315455723875,6.71436593961553,7.49628968194118,7.10622462531595,7.20915795506915,6.29295703212615,6.82175754853427
"Gene0113",7.70732830661071,9.67008207244091,9.16651944817047,10.0666681036716,9.64496079755607,9.50708294382661,8.66206866442198,9.47493743870094,8.87775898702973,8.96652672447797,9.61699986934555,9.99150613738198,7.32479590064559,7.39084510688437,6.66415883163765,7.08498298329132,7.0475797568402,8.57590556255319,5.30430900693481,6.18113905741946,7.60348914723838,7.18612453204051,6.67313933058676,6.2263737813816
"Gene0114",8.64905629598782,8.37202919330579,8.20964836073715,9.1912927201663,9.19882157470797,8.09694478112,9.0155019503526,8.95640525562634,8.43798367954518,9.3201821904195,10.415825581418,9.63264325568486,6.8106601384549,5.65398820033404,7.29168724276463,6.90011149749115,7.17530603660314,6.13073242370342,6.14252737595474,7.91507159730176,7.31257433563691,7.20907956977002,7.43386540729797,7.3456279245126
"Gene0115",4.47942066021878,4.16023803580486,4.84234982192007,6.23169937046585,4.6355256216916,5.85629190825643,5.02907058037588,5.40790557336324,4.76301347840581,5.99324823012491,4.51161446531006,4.6644033419913,3.69015735194943,4.57621518382414,3.36143552528904,3.45908626933938,4.30292596525922,3.40529974388925,4.80065948447321,4.01426847580407,3.42039654922101,3.23890815753218,4.58253500199979,3.67944030954192
"Gene0116",8.64236696821846,8.67420250950743,7.43265416024638,7.78771227517035,7.59995641698324,8.10908371333064,7.75475704955719,7.83715127880323,7.5425774917517,7.56399416877436,7.58771006610698,7.40044784966893,6.70301967318139,6.46047784276675,5.45610917066953,6.04538592604262,6.34251200889782,6.203117292902,5.80331123496512,5.58710704712986,5.81879100674206,5.76316882607955,6.78657991384583,6.11945341386327
"Gene0117",6.0585375286946,8.96025663419995,8.43846318548711,7.89657698423839,6.95628132401711,7.94794641716008,7.78712594702182,7.95118487710444,7.1311981312783,6.50307527861066,7.85038618302077,9.2799631932434,4.75739821966741,5.94772231289139,5.64989924357182,5.84329092704502,5.01321041939316,4.87566399955833,6.66071113321583,7.24337160713529,4.28514451720408,4.97891394467221,5.26870875015593,5.8717785302224
"Gene0118",7.02065501041342,5.83216959762385,8.04145735499381,7.00820939279996,7.81321722742466,8.0408209516029,7.27655747973637,6.19521277762871,8.39805935053625,7.80673937212551,7.62698880122175,6.7422993500433,5.94109915483538,7.22894781941285,5.60645278885274,4.34181135278804,5.47666989589774,5.87510809597401,5.36178752116667,5.41583390874523,5.15259648159744,7.11920849562594,4.9161600678798,3.77767783420886
"Gene0119",7.79314720063419,7.96488367414616,7.20471610151975,6.91644051188061,8.07722127923938,6.89054620841151,7.51916403486308,7.48975078017985,7.55925249751043,7.87608742828671,7.4928175235472,7.12241114307866,6.82240730335201,6.41307888942357,6.31485360927138,6.32559584840788,6.71085609882599,6.30122853640574,6.29923782095996,5.63518144248563,5.77854942415265,6.54790184587767,6.0871770208368,6.81702525101426
"Gene0120",9.51571685033009,9.12079525489882,9.21630927751692,9.35440721387393,8.91038310009103,10.3699454025321,9.53405998504211,9.78825319563757,9.86005229204028,10.4274073675859,9.65237992245103,9.18452936363038,7.08236039652346,7.29309382493316,7.72443673156412,8.12184921735473,7.53518043639901,7.99148998730682,7.36812212638459,7.20898985390103,8.12084076180317,8.18179647700124,7.7130705404876,7.3109982641408
"Gene0121",4.85711325738908,4.88735808585676,5.05596018021459,4.88307724236387,6.18560969924814,5.36092762469037,5.34654700277046,5.18299542593908,5.2266489964206,6.10414841066372,5.69714436325203,4.46578486748059,3.42251463246173,3.05891455170164,3.90075332782958,3.69633663280101,4.06307127825847,3.48878811538502,2.99289778806224,3.32552649060673,3.63185497970217,3.67205205709286,3.89220489092134,2.92333302766039
"Gene0122",7.73890936249296,6.3067807272294,7.00523512487624,6.32555987285076,8.06348694460455,6.97996018888941,5.32008823013859,6.22503518093908,7.34839772254075,7.34135962694773,7.91973896324085,6.75874997227217,6.48850469389382,6.47942026376492,7.07858251759112,6.13091653472389,5.41382777087393,5.88187770667437,6.02374282639526,6.74731693665446,6.91480400225148,5.2555447146026,5.24619224360559,6.24197429908198
"Gene0123",6.90224259265767,7.41046556112941,6.6649853125658,8.00405183531017,5.90691303719508,7.57444227489309,7.10783715303321,7.05433836702609,6.37533136889726,6.57207439577767,7.15796939457526,6.3877819465,6.1982808781289,6.76255236659718,4.72333385138651,6.20498910395558,6.13668923395996,4.9870410244952,5.95562501794775,5.94234613170808,6.21138647069467,4.96669824515994,5.63735705173224,5.07561807188241
"Gene0124",5.5726702338086,7.04602907951414,7.85086753263094,6.8395072083035,7.25705585626688,6.60301865687857,7.0964340165156,7.94829515391457,7.15199864604004,8.30794665850109,7.15730980639569,6.90416571209026,5.9307680515297,5.55588654463953,5.63306562495125,5.48547952392541,6.6030721563939,6.55546671925229,6.90446223372802,6.6699188451224,4.56240040920639,5.64945443615602,5.43605905959859,4.88757118673086
"Gene0125",5.5668120620421,6.06375331517179,5.98886993582835,5.55290839190122,5.70083467417187,5.87412722936434,6.17738595650702,6.25887462036709,5.70105264289143,6.07795921725511,6.09071710093937,5.63065459100149,2.90582343557647,3.61130196865953,3.90233063630702,3.37650258355008,3.44543247673342,3.7550615668023,3.77534492801838,4.30030597863715,3.44223455251602,3.84990960448445,3.29375264543804,3.85943541018854
"Gene0126",8.13152095939773,7.45391986794943,7.67567873734073,6.8119288061607,6.99967923731483,8.15288943930593,7.77784890808538,7.59088900211322,8.02332962429907,7.65993989165141,8.411400183457,7.6357468225295,5.28553048929291,5.91613906295312,6.02315732261275,6.37262753165429,5.46372212431562,5.53451801752635,4.93097394144968,6.11168768734299,5.73254272523478,5.57828944798489,5.37844147848262,4.92799180927581
"Gene0127",7.98782602190105,8.91702871260248,7.9477070897339,10.033868207772,9.09784457107939,9.99702433424833,8.92124661784802,8.62920930282323,7.81430813888375,10.2043386642209,9.24109964542822,9.17316407100336,7.35118179052977,7.89002880148939,8.06448025247085,8.81365976616281,6.84126777431307,7.32483732060626,7.26346213132331,6.71266071922771,7.4384497073982,8.43388266934515,7.09238980532899,7.04396108981446
"Gene0128",5.12926171747468,5.06892278785823,6.07538490831708,4.69985831832317,4.85717507508821,5.24281849108857,5.30176953902266,3.98240521968873,3.93512624370042,4.96554217488023,5.4369384048535,5.10819935488963,2.49849438360125,2.33026935284995,3.3411487220528,3.57986346587455,3.50787004426868,3.62361963578615,2.75499279654525,2.81974161218876,3.67644341109271,3.90919054721766,3.59741166393617,1.88041351005442
"Gene0129",6.23561863356944,7.19736544409952,8.0367155155482,7.41145104041777,7.02511620570089,6.51238219141917,6.14767604143738,8.19703407145184,6.0576331651939,3.94506388538414,8.96824109782825,6.68609175340681,5.2611422163245,5.95304963444397,6.1369832627247,4.17809749898987,5.151114304405,5.08344851698948,4.81938821133211,6.09774718353372,5.9048872115734,5.14566296436493,5.08753034147053,4.6654329881797
"Gene0130",8.83401391010262,8.27608623813909,8.78883841643397,8.75480858723564,7.94300259933552,7.57815023299758,8.34597619765809,8.59194605113898,7.56616225281341,7.83567153272273,8.21968446654523,6.7773024782853,4.854992053815,5.24983231911311,6.67029862665272,6.10618692459343,6.7639296205194,5.60696486691669,4.65742280708171,6.20177192377537,6.19692069628108,6.30779705262465,6.44954728603832,7.61741797594335
"Gene0131",6.77983368071291,6.88178804316762,7.42853286603017,8.37460040842224,7.26118613006891,6.91664366948872,7.20991938603618,6.30837802910597,6.4229818532736,6.89261945168872,6.59502208811542,7.14782872209178,6.31889016883395,6.37098471575825,5.93074282036776,3.92874122238264,4.97244576807849,5.76115144355696,6.47233279422816,4.80927646374056,5.18801922894601,4.85845309549462,7.2085202757404,5.53963842167759
"Gene0132",7.10251613739775,6.94243460955835,7.5122324728472,5.59223395754837,6.09375585340787,6.5381022038062,6.47110291833514,7.4127055303573,8.60573834363804,6.52941942607408,6.69102532428689,7.16801458991906,4.50472894057853,4.81941987717666,4.88277744365917,4.55926845547272,4.50862624559239,5.53952517320993,4.85032951800667,4.52467140886778,4.04486048715809,4.17539700587211,3.16044212450946,5.17918732271263
"Gene0133",6.10450460663777,5.68619211501949,6.7740536403907,6.93929140525612,5.82916191204188,6.58170162317866,7.08329340130151,5.66830543485188,6.43571807345512,7.15881095513171,6.78221901219614,6.4630206801804,4.66328730902264,4.49604174973589,4.66967794822517,4.59068396123468,5.21539315736886,3.84720848554694,4.39558047851563,4.7704852178451,4.38887734859239,4.01094157074092,4.71050814748619,5.10955096739067
"Gene0134",7.08709022271399,5.58922212060577,5.71138735599902,5.84381576696919,6.48852209464891,6.93809752783465,6.19895700006922,5.24213190044896,5.69323624691391,6.56540445723601,6.20225500238634,6.36876039279579,4.08964624718967,3.43856322454888,4.24093075753573,5.47431330536528,4.37645278594213,5.13835171853647,5.1568657836189,4.14885575095878,3.93609529038994,3.21268037925718,4.41095362633131,4.46690298228394
"Gene0135",7.05870903359798,7.74102716198167,6.8804330170749,7.76400062096775,7.76687196882931,7.64186238405718,7.01693481200411,8.21305782902898,7.0471273872367,7.38950464213323,7.11696511784254,7.86953184023572,5.55127731252702,5.83389904724488,5.38320374926296,5.03138972280808,5.57530720472006,5.70837500665512,6.65862419950163,5.8836729784849,6.53099437628047,5.90960471964642,5.9693514049357,5.93924341374631
"Gene0136",5.45909595768377,7.21439711465812,8.1752839567361,6.63258661715129,4.88799439343495,7.68335705185521,7.56820813062102,7.0809600782708,7.69126083421219,7.24896337471328,5.96196071651741,8.80889881031065,5.49253965172981,5.27609469067,5.37827710521299,4.91189022547304,5.24317179492374,5.73153146971898,5.07122340457083,5.762664101624,6.27130545737569,4.92520736855603,6.39278183185102,4.75783639831472
"Gene0137",7.49055691117067,7.84360329260799,7.19829502343763,7.45756326608445,8.05025105743617,8.66968833685092,7.72492064953539,7.39598312301018,7.29877824865471,7.45265239408961,8.50378219688992,7.93489633360231,6.40201335259464,7.14953425977195,6.47923214501271,6.1144805150318,6.87232478659888,6.12054587215883,6.42538662521934,6.69996022393441,6.28974541336097,6.90242179444165,7.0339577959632,5.81492160880047
"Gene0138",5.9949364318527,4.89019506171371,4.86848500423834,5.94862938267427,4.55168708779181,5.49404277916887,6.45825048071096,6.2852303690982,5.55090477230668,5.36610537895348,5.60026011244416,4.80914431135591,3.8990433009532,3.50304682119737,3.75757392742586,4.0978835200785,4.71663760580971,3.66924496226874,4.50735592798503,4.02809154280619,3.30269682452599,3.62592711240084,3.46852574568275,4.13355698645249
"Gene0139",8.78883027956867,9.71697178842794,9.69561742265257,9.26139883628136,9.74389444561977,9.31337550749654,9.18882253775176,9.36200515770857,9.62886921998599,10.2240666584187,9.63034469668127,9.61268557578199,8.44721564390277,7.65467304969738,8.7827779839308,7.12543777295572,8.17509950582518,7.7346726116242,7.91663773534849,8.09572749715521,8.32022343511985,7.26107389321883,7.89555179877287,7.49197725955755
"Gene0140",7.22193415203669,7.89125172064417,8.08240946711318,8.91596752112065,8.22406438270977,7.32984418901031,8.35868577425905,8.4112303573612,8.96307403799111,7.94920744099208,8.26005232030657,9.0108449989423,7.81619383974929,7.62230430982528,7.61044547009857,6.88773331030437,7.75522964491865,7.1369196270012,7.60809440273053,7.53240837122143,6.82589709453145,9.58483355588339,7.13924149263735,7.27687065619054
"Gene0141",8.76707718297301,8.52235131965841,8.51596146300004,8.7908679743132,7.83307487896527,8.19451251849605,8.70703252088011,8.79093017905587,7.98538647929976,7.30245550088232,6.45285619313542,7.53774919328001,8.46349657463609,5.95188831001824,6.6051236072853,6.0074322096681,5.63643758772321,7.4738977083245,7.02656415513295,5.62553090497277,6.15480607791811,6.02547116312052,5.65630429798879,6.33322747900695
"Gene0142",9.46127231925093,10.0932022195255,11.0687849871024,10.6116431387985,10.5518598658976,8.99512416341516,9.5329510501421,10.0880623851027,9.35597706356959,10.4562175515895,11.134077241636,10.2886979685925,8.65145005698476,6.0330284298061,9.13194822776602,8.13135515405044,9.11394220926756,7.78098972225141,9.07561240204982,7.28464281873596,9.38795564306839,7.93488666941347,7.58810290267917,9.22335212861286
"Gene0143",4.17403233035281,4.68767825181518,5.27976812791242,6.20201007056078,4.32745378692266,5.11973911509016,6.64670088874636,5.74635063114742,5.14094661376786,5.28957202920472,4.66513806209436,4.56413164508404,3.36881649394071,2.99297684883876,3.76046036946648,3.57447535852394,4.01375011641366,1.74116527942166,3.37218728520406,4.78641575289206,2.86111265919693,2.85165917132191,3.69904424231416,3.7919315125183
"Gene0144",7.28438973564887,7.7912704285802,7.15507184287879,6.64701881481265,8.00807083457154,5.79218423883904,6.04840934055413,7.39056178174883,6.48864522473469,7.36539849713666,6.39913853112344,6.6264761321475,5.3069720238363,4.92670032147071,5.83886462729377,4.63664885245276,5.10014748603634,6.06419598969899,5.60133542658237,6.1016887030917,4.49036928615984,5.30725197913265,4.48424222337542,6.30716601520587
"Gene0145",9.7469093177139,9.83759126823836,10.2649504743838,10.1111805185196,9.64436688219551,9.48670340040935,10.4860704443531,8.86804053658628,10.5510597645659,9.86258022558259,8.95981018500741,8.94173091281269,7.36247110962635,7.79007326259613,7.89953312352208,7.46100722206669,7.66645425455615,8.19975731290562,7.13383389872575,7.40538965902518,7.56185186860135,7.17730629685044,8.07981867835679,7.59429208476377
"Gene0146",7.37519610562253,6.92403404996143,6.20214320032031,7.49212869945005,5.86252766716486,7.8345964382089,7.52629383573422,6.96686116421655,6.15086760256727,7.66165951930098,6.7542082899784,6.31108671532549,5.07023126105521,5.35178210526357,5.59772311277271,5.39271027618686,4.82403604661277,4.51156943834539,5.22251183047806,5.76382004289805,5.30349251375904,5.2091781734255,4.97648102520427,5.32298293135679
"Gene0147",7.2935922934088,8.74368272043123,8.53142378558688,8.30081494807727,8.36665616255298,7.94875137110644,8.50001794919804,7.82860223002919,7.72278630728572,7.42413277187743,6.92662806611231,7.31670177687316,5.68435770657613,6.46710685922084,6.06789517066772,8.47708976069993,5.85373220980883,5.88297083045279,6.48369679799188,6.47750782359706,8.06831163556142,5.63099835635041,6.50803817294694,6.24030854964084
"Gene0148",10.3514752973065,9.64386906910134,10.8948668779504,7.41298409958462,11.3173314823804,9.70552138048298,9.53509612480635,9.15821504040609,11.1102402334487,10.0359958519873,11.8270504058839,10.1327347145485,6.65229985552815,7.63654337158114,7.02273829191307,7.38846868975033,8.32272599307525,8.18280901646972,7.88365104771502,8.95829436209733,7.58560142798223,7.46073167116429,6.92034966508053,6.96308744309704
"Gene0149",5.9931219968178,5.56984560292449,5.40934562669216,5.31421719157919,5.14157125202139,4.94473534217664,4.26983454577733,5.11461814860967,5.66186760071088,4.82281425115748,4.26530009645932,5.64139368584537,2.8962250298047,3.92779474903181,3.93383958895656,3.39862486425579,3.22639441362901,3.50745019273486,3.10556756313733,4.05494377097996,3.5323003540931,3.97582173882734,3.5328489024704,3.23639082661008
"Gene0150",7.1128393829704,7.09957615628674,7.30169921156378,7.58374481439436,7.6856629887262,7.50467591576829,7.56658172931078,7.42656564018322,7.04941113815591,6.19329338438325,7.36222086056142,6.66715376140434,7.35083111071264,5.50825425888943,5.63342110548573,6.6907454455981,4.71458496371959,6.37897495456811,6.43402625234184,6.64804935471234,6.81682116234113,5.87245658085797,6.25485747128176,5.34324713499999
"Gene0151",5.35576143548513,4.84120443964391,6.48609972635034,7.26307368670573,4.88559513212959,6.86615993834026,7.03157784023336,6.10109791161421,6.19132501868639,6.14256252039116,6.51961476896224,6.87905431723776,4.62631970850594,4.71756440094202,5.3838138840222,4.5348389220022,5.10380198451867,3.74428241561253,5.09416332037553,5.43879960453642,5.48777818395633,4.9870140980473,5.47076636175882,4.50073361084628
"Gene0152",5.89231443234288,5.77972520987514,5.66776841714527,6.65553941259051,6.10067467982272,8.59898793065733,6.60610653350235,6.91638169806851,6.71747521945217,5.80027327111818,5.5682404989698,6.94694188216189,4.7792359414737,5.54884667034267,5.0265830775518,5.71158214592046,4.90090164791015,5.73711744111433,4.99695206021339,5.25714710568766,5.43843937615757,5.92164412005378,4.93601850359962,4.08663693402774
"Gene0153",6.9138616430517,7.34168691725734,7.17779744956104,7.05921942019005,6.74296471728183,6.99854651182085,6.94804151617813,7.05138246085371,6.46927933889055,7.24406173889287,5.13910068537411,6.3641550566503,5.21379381671995,6.70989162699814,4.05826760831729,6.25377742395738,4.85511423529289,5.07318054170933,4.58792971064914,4.72120757775015,4.94870107792305,6.10767376053586,5.53363329907092,5.02784050469263
"Gene0154",6.61698349087816,6.22885450368964,5.42077625468551,5.25725514238747,6.57090890609217,5.90357540940338,5.77884886730044,6.5182673502049,5.91150517559687,6.27462426145504,5.85455620860457,5.94193437740866,4.77714501993288,4.79929751932093,4.79406095213117,4.54593708659543,4.2306731375915,4.16649119957024,4.55926471623966,4.51150047495682,4.03258207937448,3.68661896389492,3.90848933416243,4.3824643907618
"Gene0155",9.3748255539963,7.91837654835457,8.34164384313598,7.95316733262832,8.12036217072743,7.89579253058972,6.60741451000577,6.81322308861895,8.33018013251347,6.31696495562453,7.11900661659032,7.77640928317904,6.1933582970006,5.54609745909589,6.19976303502603,6.33129272390397,6.42157422107586,6.87539668875676,5.25279297466399,5.20840377313886,5.452260722362,5.21878007744334,5.10924824046387,6.05584612171216
"Gene0156",6.05509377881341,5.9052235569091,6.15544193468607,6.52894108129029,6.04983970392052,6.86174865803852,6.67383256675442,6.39811418556923,6.69345332399574,6.28354485621762,6.1652959376853,5.78372732461773,5.11250014481055,4.15572761455575,5.20629162251092,5.11292910932396,3.70240410271165,4.89077273813594,5.78893580017333,4.57483878246874,5.05541146195212,5.04803516010235,5.0209980462298,4.67186563688761
"Gene0157",6.04993249516429,6.56399408100581,5.67373528358677,6.68599401923522,6.17821968583578,5.64285316290772,5.66486195680476,7.19332715837017,5.70548284954241,5.70266174971446,5.96501344224149,6.27010687532459,4.97957686435142,4.22633420168126,5.25023283071747,4.54357773521054,4.59106173907272,5.39306571929045,5.24566919439405,5.20550864377811,4.85287088651078,5.00726110294046,5.42274039855001,4.7233360844039
"Gene0158",5.80872307780862,5.65687644215313,7.2057523451735,6.93606535187016,7.19530095950911,6.36016496606974,4.50149162807969,6.1742984978687,7.01339836808059,6.94287989867236,6.52352282536297,6.15505918397993,5.35807053847182,4.92470275035489,4.72084229911651,5.50404699769288,5.29461711669456,5.14711654955351,5.30030865634579,4.23670539479743,4.13653469465546,4.80726568794921,5.83267359807829,5.82322304615239
"Gene0159",7.28862702803396,8.31160017266167,7.27972901208254,7.48038456729707,6.01120577627969,6.88946125986984,7.80436374025834,7.31405656013402,6.78598170223306,6.92365900892777,7.30673374657789,7.75465666351208,5.06576826360978,6.24226384878839,5.53191429071388,4.24889271947018,4.51960101278576,5.41563279442791,6.27898174384551,6.44581300449172,5.67846291279464,4.64475680308578,6.67959421894903,4.47175147428497
"Gene0160",8.12492611900618,7.45874520099271,7.86399238841809,7.65610299288707,8.04953964275017,7.56367882591136,8.00179514632015,7.70435173359024,7.45525131824814,7.61495466395205,7.33893371554162,8.18172804073451,5.57970920390493,5.39816063595033,6.17048766353443,6.25712246938351,6.04250118876225,6.41541085412425,5.50667368357435,5.77603925040699,6.39717691941095,6.19277739262856,6.45500848933285,5.94941796020758
"Gene0161",8.56204212458708,8.99013666530101,9.46580910520729,10.0421633235504,8.61320104053406,10.7754994475426,10.256763877987,9.70806788529417,9.64765764044564,9.66643963985799,9.08927961623122,10.3612901838711,7.39633155336273,8.27653430185487,7.75266682361513,8.16230865403058,8.006576009627,6.7054312967696,8.18762737591016,7.77740910874209,8.12238705898248,7.77061867539304,7.56729404807464,7.0085897029259
"Gene0162",10.1112631903497,8.69227991308664,10.0229396714037,10.2519192198563,8.0573916283914,10.3779959299398,8.91542331873271,7.43566848653085,9.03287847383235,7.89534115139958,9.5204583540704,9.59364013533133,8.01709769437804,6.97148054109573,8.42940796088032,6.45999958654696,6.72377736425874,7.70013190670386,7.37679380907093,7.12395837585351,6.75064876570273,7.29926136836,8.72731074065982,6.27846742298478
"Gene0163",9.06264871182933,9.31048877817989,7.84452089180475,9.15324544920525,9.3460805531722,9.35894095390382,10.2075086831546,7.54326141050183,9.55931651198298,8.98501362168894,10.1395707622238,8.9993562824555,7.7834852560003,7.8005015097102,8.56762551105441,6.91193624015885,6.85484344321338,8.4173981006946,7.7278487241236,6.77185509391928,7.39823925005141,7.8485435647343,8.39778161048583,9.2277545642521
"Gene0164",6.18908268287956,7.71547212469909,6.95132235576034,6.61964861833866,5.69479462577836,5.00769981743366,5.13484045742467,6.85302120668069,5.60911609042882,5.24165286132482,6.08218116550091,4.96007180293486,3.62579943393414,4.59978281591599,3.35843984352633,3.45119682115866,3.56047328597379,3.59443997542617,2.68476777021052,4.74638054947383,3.8353049870828,3.18561167556814,4.68738246282824,3.66134274993444
"Gene0165",7.92368848788568,6.71815020898555,7.99315504197777,7.62356814765671,6.47692230252253,8.1524020464635,7.74602067606841,7.825675274714,7.40527361488471,8.91571767726546,7.41515994240521,8.14435744642644,5.19352744762689,4.91954270095055,5.61811452050704,4.87220863803763,6.09898186144886,4.83155655077715,6.39432337956487,6.45094241039637,5.92018365086395,5.75430019291751,5.75844678518231,5.35149756556389
"Gene0166",8.83911664938572,8.81361414928524,8.52583556414667,10.0415915420954,9.04273335371095,10.0652730005573,9.28383568065403,9.01025364651188,9.19363002798313,9.51104394243743,9.48480788101745,9.35635531060761,7.32780019978906,7.71122900722045,6.98901766935762,7.68261163463998,9.12245085810053,8.145816610825,8.11385274701324,8.74790164220177,7.18265432405593,8.17383193995598,7.76077530662273,7.63602958238113
"Gene0167",5.53847626068465,5.46362806006552,5.65993564604162,5.52896004363046,5.57590605728231,5.47702533389186,5.41687286074718,5.8645116975131,5.78175729885061,4.70197221308535,5.33445009276527,4.64836740213767,3.26763477533599,5.15699999391419,4.99570555966458,4.83258780625569,3.75158662800332,3.89747133487461,5.44698059777763,4.33960887061258,3.58143131972544,3.00015365601465,3.01373883364393,3.41085078836545
"Gene0168",7.09259254259617,6.8212522983002,4.99048262160365,6.15049640916631,5.06924802108173,6.37016317663587,6.1050257061484,5.90412870275879,6.18469837496908,4.69551631139896,6.7677647547106,5.94898898170802,3.86677313745825,3.32997681261652,4.73532305659353,4.13145017869877,4.15331074487113,3.32727308021461,3.16796991154591,2.98189147106194,3.28115916293784,4.92825593795302,4.65856939799038,4.09158535824228
"Gene0169",8.91885046344009,7.76783251737264,8.71382631974224,8.18819574938459,6.56352590709019,8.44316274168428,9.53625401091281,8.58347478547519,9.6824193963229,7.94137459424069,8.51224023581205,7.75712935224799,6.23379079798723,6.51935637269306,7.85326272674459,6.97681390081398,6.36640197532775,6.44859823367623,7.25553183984838,9.01957138611386,6.87420919647741,5.74060695854325,5.81484465767586,7.51831135625604
"Gene0170",4.96483755578773,5.32675020560952,5.87395062803347,4.9077141347682,5.59632225670306,6.29912141855038,6.20566498714127,5.41487607504678,5.2312323026131,5.04474614253105,4.92572349178603,6.96242527806259,3.63978254319915,3.69420540086942,3.82632950225822,3.15343486999147,4.25328255737787,5.53787313200102,3.71318152437944,4.12816167005789,4.79692635756395,4.63270107226097,3.5260007117724,3.5687767223092
"Gene0171",8.52141606924429,8.81738488947994,8.20651777811807,7.87792543886825,8.76108475084186,8.4220823226523,8.26043458373117,8.62633940019981,8.47982624316665,8.52600417800947,8.74192284174269,9.03854137377788,6.69345261508652,8.17861120756742,6.69851015961997,7.46250035142899,6.87055459146622,7.02858129499356,6.37857584753882,6.76713440733523,6.74203656753117,7.2502627155653,7.41888189574228,6.99271935040592
"Gene0172",8.11749411171935,7.98018145111216,8.24275585384835,7.10333695004038,8.58551847556604,7.68787927776909,7.98717704377094,7.86183106752673,9.31894312291514,9.02083155189374,8.24640430345341,7.55061498175073,6.52328034114369,5.74136852012618,6.43160212231673,6.74639822311685,6.73940343947089,5.72086156206726,5.82976291361794,6.58989755883193,6.21446566790222,7.12755943644086,6.51796623667296,5.82342176481782
"Gene0173",8.55482986870672,8.88302180211438,8.29728808887315,7.37487018764935,9.31668239310919,9.09893048598395,9.33602734660317,9.67161770585912,9.31785929781437,8.86497709416783,9.43128589413405,8.64992260248781,7.94194980618139,6.25511689191552,7.70734752967633,8.92212405382681,6.84417595687347,7.82834494010203,6.38959105317878,8.34988087685413,6.73329453716547,7.2070814440915,8.26586685130026,7.06339752065303
"Gene0174",8.98575261207272,8.73743743137771,8.7839113661605,8.41203540852184,9.2972437283538,9.08007953187457,8.51541711172879,8.33433537174735,9.14615114420014,8.96709340279686,9.21892614277872,8.52458155596759,7.27260824115157,6.3522964236982,6.94772670432009,6.89721527159527,7.35128879210455,7.08717911488356,7.34534679135901,6.82242388553778,6.67040309935444,6.88822100467185,7.24959549089137,6.31520636779076
"Gene0175",4.94412397540342,4.62631018985287,5.70263331701789,5.54816638422725,5.50358664402707,4.88623683751288,4.23491808946133,6.11991413420305,4.27499887746914,5.39829395558585,5.05069001211535,5.58392055843317,3.95939604325857,3.09083927947835,3.34098658998515,2.69254771863849,4.15253818963598,3.54969056248099,5.02278732777998,5.02913440812051,3.92974127326714,3.76583576407418,4.07199872889742,3.50312121864005
"Gene0176",9.96850473287364,9.33173119738474,9.44962938687959,9.42950739160595,9.42959681464443,10.0079571521691,10.249058590656,9.59097822040782,8.45728414188448,8.74099494458448,9.09627145574169,9.7551997302387,7.58789067919411,7.99338216840792,8.44763225275458,8.2130200938156,7.72626926790429,7.86815287399847,8.38255296827311,7.73525976835508,8.39011763519533,8.61500059845081,8.33159760209178,8.24257328045412
"Gene0177",8.05913634410216,9.06345792372914,9.36416299112262,10.7668670747477,8.21767785329341,11.1900622902451,10.4447432296088,9.30806046863043,10.7040039838305,9.08219976004213,10.2273996587916,9.79457666791273,7.45318896587177,6.96287316708524,7.81261271562545,7.63753556050539,7.30223609826413,7.5845562679842,7.49993938821074,8.99392678118705,8.32872225966794,7.9941246764081,9.33188707577573,9.3560496939926
"Gene0178",7.41979259962764,6.39699087848521,7.96635433360524,7.94126100009312,6.75694026701514,8.11796876434238,8.39508667802887,7.94209968752107,7.23767148063136,8.04894940651872,7.33951000924294,8.33210424427425,5.87808560315714,6.15437369877268,6.41174587236966,5.99964021442852,7.13219995951489,6.40187414288657,5.69712539337367,6.86047683847022,7.04916503417439,6.28922145161174,6.95010594946717,6.18646103139997
"Gene0179",7.81094808847025,8.83607566992248,7.06016668385219,6.94177403481496,8.22441819987939,7.50327125244637,7.24116823456115,7.58047119521764,7.00206632458683,6.64497532353411,6.55207130691648,7.22879097227648,5.33880275690198,6.27875100861755,5.58493362527788,5.48100706048952,5.54572740301424,6.15397232449636,5.8096649497868,6.48680119053891,6.19362367057519,6.61260595862627,5.116029235858,6.0658142620393
"Gene0180",7.75699074791615,8.82551884901379,5.76577899961648,5.25179122299851,6.671725979426,6.50698865419012,6.2107881999764,6.74181534715453,5.76963979422707,6.26650259200838,4.78739966950982,6.40729847404165,4.59413205233227,5.52367546802579,4.92110351784365,2.89949299746129,3.56277451601794,4.88883694074701,3.31512070475194,4.57071987425992,5.79324339715492,4.49832047586929,4.74363501827842,4.97552210680488
"Gene0181",8.14174130145107,8.45954463629568,10.0251777017692,8.63086886308464,8.43992118236043,8.90303046864117,9.70885005568307,9.09531772192202,8.47589445001652,9.49939203815297,9.61305034829473,9.4485702124269,8.68869133482139,9.52856171874747,8.24714179036082,9.26247826555269,9.36130660202982,8.24527290469221,9.70964350647536,8.27751083457756,9.47121646179624,10.165585159982,9.92844808683916,8.30572882977037
"Gene0182",9.4359377265858,7.80068804268787,9.22007019846902,8.88973440243696,7.60885273284013,8.90500955749542,9.82693668967419,8.59967621314424,8.00454651882831,8.56399732873106,8.94090571012728,8.02110177283577,7.21301977150058,8.30780844409177,10.3681864476999,7.99190801727296,8.98717726188106,8.29692275253014,7.43070691726191,7.13784172458951,9.41675034743756,8.80681209747225,8.52411845668054,7.72820695144855
"Gene0183",7.75994324583207,7.80114047511231,6.49604273039569,6.18854228439037,7.87268315442381,5.83090064146452,5.78840789017455,6.05640764218652,7.49533838260793,7.29604599781846,6.3240125259232,6.28978831780429,6.84734903137244,6.90516618695031,6.33562714001218,6.20849724598495,7.29639870075593,7.71276031070842,5.61915926609228,5.99996894874291,6.17992515189642,5.44019489624437,5.85237280276735,6.95082606003437
"Gene0184",7.90358333159132,6.01615234892259,8.15677521605344,7.986381204248,8.62538832595355,8.66953924388897,9.25344850396266,7.22804776477304,8.07180806608915,6.43399488976977,7.29597904735878,8.49873169205761,7.15294301538435,7.09750451496222,7.68601814159357,6.72994079448894,9.47554085928146,7.6252857822661,7.3839419102538,8.7062023363001,8.34065710848734,8.37876391294513,8.35498363554952,6.40862200605709
"Gene0185",6.86358142215764,6.42611661307651,7.28775299568634,6.53131187401642,6.78339590107566,7.25346525563238,6.41259069725004,6.93295691017795,6.89435446114789,6.89662378630076,7.99485545090689,7.36373116220563,6.92097971190085,6.93636816590857,7.13876470007501,7.44891889211499,7.25994925938188,6.87962716821732,6.41055535281582,7.46734934327848,7.21277363748387,7.92340920098571,6.87032670990527,7.29815919424776
"Gene0186",5.54431417366535,3.24337116776784,5.26575076927455,5.90523369507202,5.2550781525227,5.00163992406863,5.83103075194239,5.91804534532031,5.47804057035383,5.79297166361863,6.10435869868529,5.43106482601688,6.15412447621556,4.79114404793805,6.59681472227821,6.40708217922563,4.90485137162355,5.93560445078771,7.08312705234894,5.53613489461238,5.45330807014287,5.72435337806141,5.09870018536134,7.88808593377054
"Gene0187",8.6838640043278,8.42936588419551,8.47817918413575,7.58753191802245,8.14566584111034,8.98733195205454,8.43388981256206,7.66050970975542,8.73594026293894,7.83326915209533,8.32112424052763,8.5916233818813,8.57974645000867,8.96364053132061,9.08943974333086,9.11701479931516,8.06474147525834,8.18652591592536,8.24539573829745,8.61133883891205,8.13508761347929,9.73375664478217,8.48549546590297,8.52049277998656
"Gene0188",6.30901516978605,6.62058972320852,6.00734880534419,5.40016901717198,5.21059437945734,5.65360650265527,6.77572711353259,5.60658187851603,6.05384288970642,5.39142441113353,5.97378254961292,6.03003931756404,6.51812052095114,5.40869763433252,5.67088499520847,5.74038906011446,5.07794308027816,6.41482202168933,6.48452550279678,6.55512418395141,6.39255439969395,6.83933348520045,5.93219538350249,5.5755836721967
"Gene0189",10.1432493519601,9.62379794100601,8.2481715569266,7.52506694031652,9.73973095242046,7.36477130359121,8.37363894117591,7.99021319827113,8.58068435683368,9.40994577915152,8.23327420791394,7.87067415706237,8.45734297747648,8.55505779096164,8.69162533570223,9.83621835638738,8.54816005732106,8.57947984340878,8.73618093937841,8.79648451856561,8.11822575373182,7.93517975140975,7.68480355942912,8.46780140272948
"Gene0190",9.5442132477545,9.43329451946517,9.19678019181447,9.78635043181168,9.64785830828088,9.48257485439026,10.1817642327548,9.84945840271226,9.46350218988107,10.0498750739572,11.1561586633958,9.10092193946794,8.44044455691006,8.9111069627375,10.466471314465,10.2407596819052,9.89664418771444,11.0263364114498,9.21255526094788,9.87245324825121,9.91096510778495,9.54071040121583,10.2155171045514,9.9350764794506
"Gene0191",6.30368863393015,6.11593966192457,6.16193127714836,6.86790102894413,6.46233515751309,6.64770414984801,6.45064228826237,6.42982286427862,6.19180800028112,6.08147733604304,5.86427985299667,6.23633754066972,6.80886543701035,7.09204569909626,6.45641096901238,6.50192338164922,6.4924963953338,6.02495878091074,6.83264645766625,7.08383363598999,6.67928275787965,7.5089731742527,6.56937485350797,7.18504150806524
"Gene0192",9.45733438157747,8.76094316320308,6.44477821499441,7.20165542261854,7.48488679125744,6.7871891474305,7.01048671381282,7.07535064695146,7.08894882238724,7.80076376260857,7.86923091775991,7.58120338891358,8.58785621118709,6.79425093929527,7.24362074509418,8.09471734860614,8.60345373055986,7.98691917699074,7.90080204075461,7.82401458471715,7.39527818138638,8.60855656102609,7.47797743604454,7.41106523090655
"Gene0193",8.71407089732917,7.16962893683954,8.6677076786516,7.3597981403702,7.28464203691441,5.99039766888614,6.75334169647904,8.00532321943046,7.28259667604688,7.01286584456544,7.88456906402495,6.31737366771871,8.3103757763445,8.16662667801508,7.74495553474292,8.23653073999296,9.17162527101383,8.89714321513061,8.63192431988355,8.38353462571497,5.19343027475898,8.67754044782583,7.71324214774793,8.79570991133213
"Gene0194",6.67458456260676,7.14066811047628,7.46420142540642,6.97206095397551,7.48751070203248,6.72366924216678,6.31770330660384,6.66031456259993,7.28104687028018,6.85967786181328,6.95080304555814,6.14896955415104,7.24217788853867,6.89419718475088,6.24824566230283,6.94170034939442,6.86098437348156,7.34626469971022,6.35106916362825,7.20296293513547,6.76530533055258,6.99050688996681,7.59809734780123,6.5026607008739
"Gene0195",7.69417419694614,7.13557119937997,6.88275788217664,8.7073467791665,6.93679738485279,8.47583932999156,6.50824231514639,9.2098104872197,7.37986603633397,8.77587343128516,8.56816135806196,8.45579738917408,8.34054098755005,6.99884129109347,9.27356654928281,8.14084841066865,8.04575673767624,8.91119868029462,8.98065690540506,8.17271741770421,7.90915246855826,8.48484011141047,8.91466410730931,9.04941997607327
"Gene0196",9.43407948195448,8.6328845279538,9.24511483191555,9.22509558180236,8.52227678042351,9.46824119763858,9.17789355271041,9.15386409653198,8.27201658400526,9.44876059274977,9.38453012637556,9.53105494648934,8.80642012484613,9.12071786163851,8.76747679649001,9.1578509395695,8.68117648059739,8.6435704127334,9.38279559946952,9.02561671303943,10.2445851703378,9.35102115523826,8.86920968283652,8.19001582600735
"Gene0197",10.5002668621551,10.4899514073865,8.80806145752737,10.1518143686878,8.75067682182378,9.77681324011244,9.7714635920546,10.2671557421253,10.2502676540893,10.391968266996,10.3251321524892,10.1836899859974,8.69716022857258,8.88156994116649,10.0776263657554,9.63625679646974,9.17894358420549,10.2998160928399,10.2022655049976,10.6686358902421,10.6629257553967,10.9119395940041,10.9795627043848,9.94137066139701
"Gene0198",8.33845935668766,10.0624543181323,9.40289431606146,9.51171158509005,10.5559241383323,9.45590586576172,9.65132120059268,9.29998995374824,8.68291707548037,10.0967155225367,9.74507147329182,9.44741171121416,9.32186796879801,9.32029433964299,9.79676282178647,10.4214314395716,10.4108826512589,9.45640630380626,9.43570398017759,9.5035331598902,9.88003514199361,9.82696791413894,9.34095042199103,9.96531459255005
"Gene0199",8.25110299244752,8.17726548107622,9.00727925281942,8.11215068048615,7.80216926648503,6.77420133020788,7.77323238663168,7.12686115516297,7.13977776655035,6.68846678439229,8.8291267958894,9.14004694723275,8.61289669170369,8.01081993716531,7.55451900605747,7.87384083244459,7.69869475438456,7.88158204236787,6.97983398578503,7.22473084424047,7.67754531876221,8.22121850034705,7.33283965128039,7.59998521340062
"Gene0200",9.70462803015505,9.12587783721798,8.85085648003594,8.4336105180145,9.32033641791501,8.94586546175386,9.54890230083051,9.41594398329129,9.50679506309484,8.16955306476101,8.64286904781106,9.69361520099891,8.96367178504254,9.20331357434167,9.1049008714537,9.55692520920622,9.13593357326991,8.43419376842281,9.36267847410768,9.09566565481789,10.1260076459753,9.47309874441766,9.32011879000813,9.36891982177996
"Gene0201",5.0000221491295,6.12831076641578,5.62724241502988,5.95481268713009,6.34998572050177,5.68502306797399,6.69572633740752,6.41322053576607,6.38549321270371,5.81105712670539,6.21464723979278,4.48812880970217,5.10796793334029,6.20619663921468,5.89733153613619,5.61038673672973,6.98363702000494,5.41795891199737,5.59258753710995,5.49308837269319,5.87952932972176,4.92278095622208,4.48569083398417,4.35071287146164
"Gene0202",5.51992129446872,6.30610191018699,5.89944430217501,5.45587576619645,5.5582885485347,5.35963003211121,5.92676274976945,6.50704327590565,5.99358076190241,6.50185758493869,5.35077599629658,5.58364979954625,6.02712997460047,5.88691366495091,4.45144795426402,4.42286283008577,6.18686837652844,6.13755738743766,6.51266884270569,5.12310076965325,5.37301526584943,5.31077479975606,6.3067015402424,4.362925244978
"Gene0203",9.06340870797045,8.73704181923251,8.91221885549221,8.59600274667702,9.23727127848247,8.9635100097722,8.658067368443,9.01884707848065,8.96243225941276,8.98461851787503,8.60314414338133,9.66083309130192,8.13926172416908,8.30322438935771,8.30609185488111,7.41803053737379,8.61353796272846,8.14751812139093,7.79851291695599,8.77315355987627,8.99969697737786,8.55951413149851,8.61979293823788,8.40269813763309
"Gene0204",6.23418937248139,5.63735654835776,5.802479277128,4.42646320258379,6.62357308475258,4.23045656853438,4.33199192728795,5.02635210603813,6.91137396766293,5.93460783786181,4.91799605315694,5.67111440307127,6.09986824075557,5.92250325222944,5.96718515681953,5.79005138665607,5.80163055802714,6.041158816057,5.26532473106897,4.28551580119819,4.2515653649212,6.26346190895,5.84838639405589,5.88760643955802
"Gene0205",7.40468527463127,5.83663043876821,6.93239330553227,7.69547043273581,6.23599923265092,6.24788494593216,6.94762542404868,7.66637271537315,6.71940291304882,6.97826347125325,8.12837117100167,6.94326778723556,6.46475757641861,6.49586674357145,7.79625062222565,6.73141452262089,6.01459144754322,7.95936472044614,5.89192742201372,7.0615130149518,6.09032294483152,4.93943655789726,8.0638616960941,6.98400269774187
"Gene0206",5.88558574834062,6.44597406553208,6.14828762307996,5.28495665229113,6.39207600892218,5.87861435491253,6.13336961158261,6.80483407096416,5.82673657293979,5.73498393456251,5.4674686915207,6.51662395100589,5.65691413121344,6.63153756624747,4.19423526776119,6.56353552878055,6.40996786929325,5.04686261998574,6.60393732298999,6.86090415600466,5.47510397825508,5.60295544413868,7.11174294667925,4.73927662324753
"Gene0207",7.33388276517635,8.55266951018803,7.51824501202845,9.44330664412307,8.43623580771929,10.1364769118483,10.0034758178515,8.44989943874755,8.99382543822157,9.21831659754702,9.83845086177271,9.30871075295822,8.74065352578853,8.73887416003956,8.27335322735045,7.97526567768884,8.68734376744904,9.43128635964441,9.35006142637427,8.68513831867923,9.51461242090905,8.96211850795636,10.2776754161306,7.80635883488318
"Gene0208",5.83204720294836,5.27251172643854,5.25759189143019,5.72609706049478,5.87676387642907,6.3466049489635,5.41407158360267,5.45015738349488,5.1176770370776,6.25750845182388,5.45460310568427,5.88481117784198,6.46343999777254,6.56185540037017,4.8833403536171,6.02710292751388,5.77341606812748,6.05410598096095,6.47019534116725,6.91010509326973,5.92127565719481,5.92389105432831,6.59163198256391,6.01145001150956
"Gene0209",7.47471993496302,8.1691823998902,7.96653983539874,7.70556574029554,7.76392920160221,7.94835977911758,8.31408033137741,7.11298899275036,6.88559045764012,8.09829232050925,8.08638088246154,8.21354215357652,8.21838201764979,7.98314477302484,6.79791644240287,7.64035752266658,7.35911307845349,7.76881582215748,8.2582866438121,7.86550168017636,7.56402898825448,7.30032571659168,8.62019883363502,8.11003930461652
"Gene0210",7.35239161244403,7.84502884858116,8.22403278917202,7.39549992618009,8.11482611756765,8.53266930839223,6.60978634796721,8.73810581942241,7.89731150998113,7.18486162494229,7.68627951021355,7.12429641288581,7.20919937461309,7.98733465040523,8.78254855481155,8.37630782065896,8.15355122280554,7.09041739435212,6.60252230656704,5.85094376498815,5.41705501501791,6.8084635801903,8.52247155789699,7.52250554608258
"Gene0211",5.22928017500075,4.39474268053924,5.91723527447972,5.53840772923973,5.77588304781323,4.33267643076297,5.44719913173352,4.29938507794986,4.91628796453804,5.49331272509869,5.55466866034281,4.16911982254438,4.00880722601653,6.3271107643159,5.57829402202698,5.32642529312931,5.49960630898144,4.37001201418732,5.96989382736679,5.69589401746535,4.54651441903934,5.2202368472626,4.81856758924178,4.99241161642355
"Gene0212",9.17369877308536,9.8556322675273,8.45131345533223,9.37836244987968,8.48723223497884,8.21921715213749,8.77084934666792,9.00358437913039,9.13290561164462,8.98668387793686,8.39869411092277,8.53005053291492,8.63010127405851,8.35818693770747,9.26957277431682,8.7364257543415,8.5095108856592,9.08458775621454,8.32890393511765,8.11412712808262,7.96039085983602,8.39313275786475,7.99456563015739,8.73392239762101
"Gene0213",5.19196996243935,5.79180057591594,6.24829427429398,5.64753311014955,6.0239405925531,6.60214412360151,4.97377706592741,5.14912924749279,5.88994365545469,5.51132281270827,5.31996179365518,4.43036019440399,5.40614595051449,5.3434237978649,5.38649846233602,6.35193171788919,5.48458769641778,6.19975232085265,5.22417879125453,4.4192681203083,6.40099033555742,5.63343602478083,5.07900250375616,6.06051261653482
"Gene0214",7.9078967228098,7.02174598341591,7.91200354864684,5.70476109953759,6.70045407893446,6.38460101971429,6.33720174398193,6.10235397973861,6.85512897720554,5.84761351473175,6.55318526575504,6.47412777701145,7.17542391171694,7.10699836917564,5.43039441358046,6.75085169530452,6.5378650225289,7.3735005734872,5.80171784956361,6.57605885954239,5.86789918443202,6.48546382731798,6.24127270756104,5.75241834055218
"Gene0215",8.74081940667895,4.85701007057393,6.93823057262481,6.24658328727685,5.6904008521013,4.29627890045726,5.95499579403208,6.13156740694213,7.33100174458427,6.52571836980506,6.24545219857028,6.56646004849876,7.76937189925084,5.34790864321014,6.9158669600334,6.30158822278996,6.01128681303415,6.75454447875939,6.46525554664089,7.48304015386202,6.41283489576566,5.92304668915208,6.64472658434665,7.94672796458315
"Gene0216",6.22703416568994,4.54808456115977,4.913495100214,5.05690062629449,5.55038259056531,7.91344499562067,7.04243890118358,5.06965994620441,4.78984978087795,6.0624048996963,5.88453677098016,5.90660438298302,6.10097680933358,6.68361982814589,5.40756394924952,5.54482034225319,5.51190384598126,5.66660334730203,4.72959289284691,6.09516675201344,5.61524930061094,5.64848893924763,5.98284705959552,6.39929599971411
"Gene0217",5.22737234930412,5.7467572580589,7.86270030821371,7.13313998856904,6.47944389917923,7.16945170251309,6.35618001347594,7.27689529665909,6.88412830380276,7.06358968534443,6.5983171480274,7.14351703700605,6.76478824763343,7.47714519594249,6.97038825517568,6.55317199904658,6.54057608117736,6.58259230427969,5.53770108843449,7.53065725761704,8.26041076372969,6.41342894150829,7.24293905289905,7.3147754184639
"Gene0218",9.04964803940407,9.39516553506423,8.75880258757652,9.79151483071093,9.66430748474861,9.4422690928958,9.19843697708028,8.65279860144751,11.0611059114878,9.30444683069823,9.08705261380916,8.92485551285852,9.45711462676464,9.05251154627616,9.45564507508104,10.2690846670016,9.67900064103995,10.1471119284224,10.5848503048521,9.88123466608194,9.56254371233693,8.32993764025938,9.97630660975963,7.47849724119892
"Gene0219",8.71811417211334,8.19263103635955,7.77003143227576,8.21036953365241,8.86316734802754,10.171454408857,9.81736770828891,8.34975061554796,9.61781044312584,8.41331797736415,9.92067131055821,8.54894002871794,9.71190304274524,9.08445524689482,8.5965123166704,10.2217180770181,9.87433004570353,7.28683994817052,9.84204196942338,9.08282629433874,9.03707374927634,8.91755812652902,9.59568435931897,8.84760852984261
"Gene0220",6.93331764838443,5.96144407334534,6.64626337451339,6.11975774744847,5.73163300961447,7.53139833760151,6.57547058673801,5.50122900318386,6.73466402310758,6.57219862110897,5.63126693956894,6.54279732596542,5.8083151653677,6.96074720584694,6.55869720991922,6.03240881467543,6.5292016518382,6.13404609042632,6.0697889412724,5.77075643574981,6.39218631366613,6.68764453531565,6.14811768005767,6.82988297732994
"Gene0221",9.20153342298195,9.73965457696527,9.82601077729655,9.40561173863623,9.00079752909008,9.62004581637919,9.30496195234635,9.53958284598789,9.25600415426017,9.83383659073957,9.49826623556987,9.4354089033239,9.37577662503068,8.95378058533227,9.4780831353895,9.7539709839281,9.75903925825857,9.29982010647389,9.45773959960428,8.43784095387534,9.53980237525493,9.13589419387828,9.66991326975559,9.40666103728183
"Gene0222",9.01739039592755,9.00132188808335,10.0603977485399,8.73733692693428,7.38484165356083,9.30605122298486,7.96951827470917,7.33424758325588,8.44358381006266,8.88748165218918,7.99236850682483,7.21758290657341,8.0463869968701,8.06827143577922,8.38896004332715,7.13465278438469,9.40859836282463,6.58862819386182,7.67552565147655,6.40938321555982,7.34469394720503,8.11575220969052,8.19701405759948,8.9162968107905
"Gene0223",9.12314782370246,9.22874323898899,9.6685409366051,10.0110523315163,8.41933117460371,10.2566121829821,9.28119060843835,9.15169381522275,9.13490773978037,8.87194052878776,9.88535765185973,9.23255025468632,10.1662234770056,9.9503645867128,10.9169907628587,9.03164541480954,9.41958910513453,9.88355453439539,9.68671005256213,9.61722894284928,10.2130912324087,9.56435603843737,9.72449637692459,8.84095738871134
"Gene0224",7.10298191954376,6.08939960034505,7.81390386836375,6.51616804758839,6.81594585667146,7.72701676775128,5.99437855493457,7.5480037218802,6.53446404886543,7.10371949679616,7.48858809644224,6.54714318766387,7.68060382845101,7.87564037079234,6.75031463410498,7.02020699525345,6.07280597920342,7.35270685399837,7.40761208423662,6.70881725192785,7.37351991007549,6.3407264704122,6.78386548823727,6.19446921722668
"Gene0225",8.58768020067975,8.95254910378244,7.84673874037996,8.88054083388434,9.77291987351605,8.3683604685254,7.96660338629011,8.48725971639544,8.46100368703099,8.91015306728407,8.07391753664286,7.99100123561699,8.4791885843475,8.64590405115933,8.56354442883278,8.62944666327131,8.57708743522766,9.14106280722487,8.72677956014648,8.60007335047206,9.55020022632928,9.38264149372895,8.12680687236736,8.86139004525664
"Gene0226",7.87413678140689,9.39551175750576,7.39661245540208,7.32263331604392,7.52277942385432,6.93383966552248,7.44596514555547,7.48180665392002,6.38803742201751,7.2448351536145,8.27483771727263,7.28124649501473,7.48007952442704,7.95314514110405,7.00980753685747,7.79219650963577,6.86528591348552,7.11764767974946,6.91599014376545,8.12220209368743,7.0444937806355,6.66351897801642,7.122041863976,7.21053875798293
"Gene0227",8.63002538951843,10.0378142036049,9.89237711254815,10.1085384505048,9.4952439893132,10.4431182666332,10.4561631801141,8.50906989894282,9.98955596441218,10.0260918111408,9.0816894351362,8.92982544593213,9.0823628934068,10.1486522485045,9.88754928876091,10.7890832439503,9.76732781059919,8.66785755775789,9.91445691835063,8.78246812938212,11.4898465977433,9.13020958656308,10.2530977247524,9.63145470679485
"Gene0228",9.24360988443594,9.44882987582719,8.01478278654625,8.31062764281189,9.44270902491084,9.49078824137288,8.12629029222436,9.01042912000903,8.70469818956691,8.50111649561997,8.27622629533275,8.33729913433547,8.03440474550342,7.75207728862399,8.80396867298083,8.58890059287116,8.20303341023279,9.07124148563569,8.7549536027476,8.14369631107275,7.8741457679456,8.5867632119986,6.86216740761604,8.25196914077173
"Gene0229",4.87508493142319,5.39325554452044,5.784915678969,6.30571525816002,4.45227687196643,7.05354634389939,6.02041798123305,4.79020278012608,5.68443203545939,5.83878917984742,5.35956597718379,6.1274910258305,5.59347965679379,6.19527707256184,6.14692024679541,5.71225082038924,5.66424815764073,6.5644445183409,6.32446569487832,5.63560283909809,6.8250617859736,5.44516396577228,6.00756810786755,5.22889781846278
"Gene0230",4.62396342249108,4.81221780830357,4.80929274083508,5.24619625277438,5.61336333126986,4.51826831841062,5.73463068774192,3.55959025481985,3.75454923554941,4.16121318805893,6.47263687338407,4.67922178542465,4.72181725417713,4.37257238642832,3.87135575081709,4.96224615345242,5.61289688060661,3.24103663133238,4.93638585696986,4.59774929425719,4.68237666604399,5.567546404873,4.54870241193886,4.53211495022526
"Gene0231",7.45399923550034,7.98070111535992,7.47712886533931,7.8645656812121,7.84691987516204,8.22126224691621,7.78955188730652,6.73640074441765,7.68415065731073,7.35810810760557,6.5259127132485,7.13741781080079,7.33467574836827,7.68644552873846,7.49385011788104,7.58838693779051,7.33941750274915,7.93430494587791,7.92060157623637,6.54674545176605,7.32004850097662,7.59056380090774,7.35405852837813,8.1822168090156
"Gene0232",7.62764618354535,8.03287143994426,8.20353445805775,8.2845008479456,7.16443906650871,7.94407179628427,8.13962084029469,8.39039558192368,8.22920444762827,8.03162074506841,8.4738883252059,8.20200892332318,7.72702676525341,7.80931406189489,8.42791258678789,7.77996567218907,8.14298179085533,7.26095856625802,8.09834244233221,7.69072030730774,7.81079468520203,8.79013119780009,8.00351269723969,8.58841573454013
"Gene0233",9.48069980961617,9.56820867352114,9.43893961766899,8.77458703075336,9.30575340287068,8.22062791591979,9.968842921664,9.39698158817746,9.43175906474575,10.0276110909948,9.49072626609278,9.83986158364437,9.51180986004625,9.525061109501,8.82785972433236,9.69583329981606,9.51943040087019,9.86547745018193,10.4681251602039,9.32628251490266,10.0314523994441,9.37234347141584,8.42440416295266,8.54943153955976
"Gene0234",5.72694617162696,7.18667621492073,6.14929392071622,4.72033149085344,5.89208589844103,3.7463070391847,5.47351127938026,5.85974115014662,5.95578895653838,5.70245652217016,6.50397433515794,6.50115417559439,6.53284985403757,6.05100159095664,6.21151050634201,5.97501537368196,5.31282840395136,6.60075305865466,6.4071411353427,5.92733035178278,5.69313513024141,4.93571414297953,5.83637565070818,6.97250572134862
"Gene0235",9.73293927519033,8.97219250119198,10.6845113943378,9.34169330687383,8.65866188857977,7.13106711373124,7.02009214515332,7.7012094534027,7.63552844244658,8.43175829997737,8.95525072511027,7.86599251153835,6.97876664570503,7.39469281134004,8.91090430217527,9.49647635542301,9.19025240311937,8.1239598776054,8.31824377790413,8.04111380450742,7.11599572226594,7.5211069759668,7.66359859761138,8.20514240111799
"Gene0236",8.96398031553958,9.62055111334228,9.78857786524727,9.99909958290882,8.69276154422137,10.0181724216968,9.74216056198142,9.81262959233075,8.98773594816079,10.1932330721312,9.55713813642864,9.24223176689655,9.75463974834009,10.0862873762893,9.79853440424448,9.9250215695628,9.47137398233121,9.70258225632613,10.0703300054268,9.67009334720403,10.7727179755421,9.39152642182457,9.98107625208087,9.74473916485131
"Gene0237",8.13361761789496,7.5734670407379,7.79938252400112,7.40208531248332,7.70103861993854,8.13670789176674,8.14006896073083,7.5900766859711,7.90439548174822,7.97721585694595,8.52532493834912,8.08576273299281,8.15438960276558,7.29547940762627,7.73501265514783,8.46857291172851,7.79632741367915,8.33764307382633,7.77618433388108,7.79841842560289,8.18178149284625,8.405505672857,9.173358972436,7.9739759754427
"Gene0238",4.78376938998398,4.695004385864,5.26885161970444,6.23264843737948,4.74418871246622,5.62551122580336,5.550340941069,5.38264920670353,4.76898400281888,4.76347402858974,4.38312783187424,4.84577312166397,4.84325124869346,5.39087091590447,5.62338517595896,4.21406561750411,4.78172774281958,5.45296644430683,5.60305004491234,4.26055085904701,5.54178356533227,4.98613579512568,5.56882880318819,4.9809932115722
"Gene0239",9.17815425691397,7.86515364995094,8.1677997958909,9.93384427983905,9.99449741263908,9.14834853013082,9.13021316311448,8.1182255747122,8.88827939460119,10.2115959981084,8.76518046345819,8.15689433045405,7.97771824670906,7.63203468456496,7.39715880502803,8.55437701672201,8.29587269274301,8.69575956925477,10.4687191712352,9.41779924687986,9.67039727373029,9.54651831804852,10.2401717051205,9.10959055798564
"Gene0240",10.0594128853067,9.13329474540116,10.3062043157049,10.7922759490886,10.2825356297088,9.60649006304487,9.85440034720379,10.1357616013418,10.4717691427278,10.8901478883127,9.56326310556382,10.3526145092118,9.87061493855035,10.0751651009345,10.0997054066691,9.66608678526963,10.2768266393969,9.57123234239472,10.366061582909,9.37159140116885,9.43397961079848,9.33941950240053,10.5811337276342,9.79731839621817
"Gene0241",8.90701441982888,8.97916517124612,9.61792021790872,9.45048551342609,9.75074723079872,9.94267322087858,9.05267784897304,10.6514961789595,9.30193054409499,7.99086590908199,9.99764130687864,9.43441024200422,9.45930192716658,9.87681329545217,10.6647548898318,10.375080279521,10.1815427471848,8.94847344741452,8.97555018529842,10.2762220176962,9.41733787263518,10.6219999885501,10.3523528862713,10.0907671936535
"Gene0242",9.68239603184974,9.48569252447319,9.50452967027019,9.40663076330233,9.42552965984332,10.2342114931048,9.02534048233695,9.46033125948539,10.1936754107542,9.76781058619321,9.35376254424538,9.26461683971544,9.17399654175048,10.7134293286543,9.06728239604261,9.61492025070565,10.1793146485464,9.56346472817915,9.56885130802361,9.57992192964509,10.1391277870659,10.2292594523733,9.99765426537512,10.4579825751575
"Gene0243",7.92958738133303,8.43760502833604,8.23967272448417,7.20260566057868,6.99971495092471,5.65478478467435,8.26848687904741,7.83898180602607,7.40797259566096,8.50157159454101,8.17002692166819,6.74428569945708,5.58575417042556,7.49467268871048,6.15308800281142,9.08936482956214,6.93066952393268,6.80531644073438,6.86944768867719,5.97741897100372,7.88072524797532,7.82713492259153,8.719073424251,8.25545752032195
"Gene0244",8.33892102237299,8.15026420838079,9.73192916939963,11.2197781093469,9.15552409781465,9.87100355739512,10.942723125397,10.5480560737866,8.93854156494509,9.6242233653714,8.84744922773503,9.50310819578098,9.28399078469877,11.1833913452632,10.2068094307432,7.92269061315268,8.98749698452258,9.55387415069285,9.61217513144483,9.5317525675899,9.67347385476713,10.9548141833421,9.48780840047014,9.1530371613888
"Gene0245",9.48132570965215,9.2949397515839,8.31384765748386,8.97118310636531,9.88967932659588,10.0696306121129,9.91523550150664,8.75485114916494,9.65642654024219,9.28816970942829,9.15034438332703,8.80519693053521,9.45500559713869,9.60195433599268,9.39257092344842,10.785917144267,9.41558592730411,9.51775866980124,8.79396222572517,9.21685621356074,9.2085441118447,10.4263730237792,8.97645213980494,9.50012918508209
"Gene0246",5.43393931658046,7.66476459296869,8.48439979517798,6.54043631743415,8.59036412940059,8.26022189419844,8.10930888540849,7.05834121508591,6.82714134362171,8.29706196132832,6.63650210568324,7.96302532985039,8.8456103278369,7.89277962509548,7.5092342131442,6.95590711574865,6.68342304263123,7.00649550772242,8.40947660900421,6.28191440726208,7.11735856222456,8.42609405942057,6.38591494240528,7.18237821228668
"Gene0247",6.79597449030994,7.85734639342088,7.60334695903609,7.78757553512775,7.66618711149297,6.94493306419318,8.99157282402557,8.89291824054787,7.72944280036204,7.92069797565374,6.94866097936218,8.63411600907128,8.11394599995452,8.27868720872165,7.8272806677772,7.47981817632916,8.2772136185714,8.56709485440036,8.0575744012919,6.96012174509241,8.66144814015443,6.91825523050434,7.97409154308136,7.96898494235024
"Gene0248",8.72083411188636,8.35145028357338,8.78350582165385,8.88869831327593,9.51776076602625,9.26384725188936,9.37867098715833,9.5993644571742,9.10981406628004,8.949914595734,9.22684201554864,9.32167401143011,9.50560225940825,9.27461167293388,9.07228302156264,9.22701014589648,9.40756901118326,9.11802485130422,8.23658349660551,9.65228126415546,8.85800767462873,9.19302786798069,9.16415719929491,8.64153518118145
"Gene0249",9.14999778158787,9.11752836694973,9.46187644798364,9.04645873028543,9.32547546069809,9.82757909095282,9.98253352615315,9.34998086157752,9.39784631712524,8.89852378247916,10.0367836354971,9.46659430452974,9.7256894084507,9.13483347381635,9.20711249781198,8.92755427744285,10.0282362956819,9.40781426976419,9.10771817177207,8.73216297794783,9.10208754018173,8.44779363148649,9.19638481860534,8.59894091359712
"Gene0250",6.34489277534379,7.50891756669455,8.00986970367887,8.31576735247718,7.98983736030861,7.80973278888459,8.3924667528083,9.0603688260197,8.37159541005773,7.87964652637756,8.68922606471731,8.74225397209542,7.49700460337567,8.04673467730908,8.32450083954118,7.40316907032723,9.38822946966862,9.01516306847814,7.14253251943387,8.57974097667029,9.3548870873322,7.80497183579668,6.9722503123193,8.46422398181296
"Gene0251",8.48300008684749,8.2147137060996,8.27298159807415,9.48280891916622,7.84907917201371,9.31675584082976,9.5458116595563,9.16798552444128,8.73242925257276,8.86710542509653,8.37740492629498,9.78166037588561,8.38704199838865,9.584747431193,8.66909381257311,8.99685322431539,8.86153755477951,9.63115597739509,10.1086228423194,7.79516877734484,9.02309622668842,8.76824722718809,9.51424424262735,8.35005053699163
"Gene0252",5.07824184480423,6.50350805848494,7.04869448182629,6.84485141793913,6.92787097153793,6.88436717511043,7.4077310382459,5.98233152174625,7.06375163244655,6.47562044688525,8.91349983712355,7.59932642603211,6.78262657211978,6.12263398116214,6.01114852459592,5.40835696277725,6.6380880100929,5.60003039557208,6.66193260712519,6.79590147593427,7.08258779747968,5.71484995701897,7.67679725947859,8.06144948762694
"Gene0253",6.25817725751607,5.52368051421678,4.77685811076415,5.60803512419837,5.25201705514464,5.51937310153517,4.99474647924997,5.48049070018715,6.14358815314118,4.70601294838241,4.99016357826053,5.61991509083311,5.97693605943656,5.927785143042,5.31045270077392,6.23531118937002,5.68615598447847,5.72402106622848,5.73251374326633,5.82297574143083,5.25088382863157,6.04173691246885,5.43850351166198,6.02076177742173
"Gene0254",6.22276846746853,6.82807039269439,5.37834838529824,5.20862884965919,6.25062942513451,5.18639508177115,6.32598059941819,5.02172416902588,5.94101364770775,5.41491118961087,6.75627657973068,5.94017839507008,5.19091277627926,6.13325757860703,6.57084365509282,6.04430073036488,6.61589411786813,5.81121328580636,4.80223249937577,6.29241709063924,5.08410694643824,5.31720529443421,5.30626635616869,6.26058096694135
"Gene0255",8.69679418625084,9.72443971887192,7.72793280128912,8.33055301097666,8.26516461774454,7.40224344261432,8.04041118055333,8.81485872728491,7.96449263393441,7.9594372501758,8.49790470297474,7.75272790303146,8.49463364878471,8.72290633336484,8.11211999361355,8.31416813322807,8.33612070495927,9.78782961322992,8.91991622043952,7.87120781414842,7.7516595256105,7.70339833882692,7.97667868491523,10.104175705599
"Gene0256",6.8175577867246,6.23595378815757,7.78641091221162,8.33807466134815,6.84892892184457,7.78981106640486,8.31363625475341,7.44253637780278,6.87329209298751,7.39823808886651,7.98234046446158,8.13745190718605,7.26749799960976,7.78277427883306,6.98461547265839,6.59728565447516,6.87210209912887,7.17198069975669,8.83133882215259,9.50858886995771,9.03319290409772,8.79436709261129,8.71490805641102,7.21620043927806
"Gene0257",7.76537810101593,8.98105219243729,9.09296944466645,9.87887792354322,8.56883115964911,9.16494219080093,8.86529015443812,8.24744783222821,8.33316844876117,8.57642736830639,9.44559057214993,9.03887011081216,8.45747332466287,8.9749363791505,9.29030327336459,8.61976862587379,9.24544562273042,8.02766626776637,8.20492365306808,9.26830285530135,8.1354524070547,9.36189807294925,8.50778016338442,9.39776557272519
"Gene0258",7.79449364420139,7.39797419649179,7.50610948838841,7.00193033495397,7.22007768805581,8.25316012607659,8.30782387300086,7.9000827153653,7.84722048369016,7.69936497498742,7.88308254211874,7.6474448002595,6.9355602848682,7.33096928876456,7.85385307856922,7.89052949341885,7.75894753973395,7.85902219884208,7.67858374275122,7.72263518929538,7.84101315479586,7.48594057518565,7.48886492997741,7.11542816457996
"Gene0259",5.82460853443819,6.70296378658047,6.29810912313003,7.41094556756876,5.91624959409935,6.22157897342957,5.67850659980024,5.12817595849187,6.70981338333838,6.00634498038038,6.2256345931351,6.17205508364261,6.09469338552907,5.57452106626085,6.02272175112763,6.04165834340823,6.65564734734769,6.67442297739759,5.93397730128104,5.98506205354403,6.32282641658185,5.89440233144633,6.78664633758605,6.88048662280521
"Gene0260",7.15712184906617,6.09402199126513,6.81207099392289,5.78139173055932,7.00728261275899,7.12933353387795,5.45669807202808,6.17812911680417,7.30036359114603,6.95294076343215,8.00437460026358,6.98440033489586,6.44909845253614,7.07251283688933,5.73216258093842,6.82802022717586,6.70197353891442,7.853542930344,6.65601865052327,6.9646437525039,7.38252068257151,6.75199875215807,6.88988523650571,7.01198017762546
"Gene0261",8.94059451528493,9.7045762046301,10.4490768277459,9.14685140766781,9.81623786463904,10.5057674298727,9.0012970542745,9.73695631986686,9.62670464272609,9.68449206739205,9.61971062057847,9.85527114515064,9.65557910124921,10.2607694454885,8.61181749103975,9.15586043688201,9.30261412291644,10.07288468904,9.59149174731543,10.1731313029108,9.32512520457744,8.42004121846115,9.08062629717728,10.1489612253645
"Gene0262",10.2285262635839,10.3652313739428,9.5558192252204,10.2731595285165,10.6305198935887,9.85715067401072,9.73254914737813,9.48921831142921,10.1280565149408,9.88989364049386,9.96027357744028,9.73879051757812,10.128148309528,10.5564505199122,10.4361955196004,10.3944783356021,9.40824978113747,9.76420773904999,9.63110925889168,9.7927931788654,9.49168031651952,9.8085658050368,10.5835231411886,9.08701223473384
"Gene0263",10.2960128174076,10.2174452850429,8.88645158654139,7.56854016039862,9.26180125283584,9.44708970071753,9.08626041153698,9.70326811681085,8.3565051960065,7.69970963369007,10.2872901962386,9.02488560183703,9.72780678731245,9.46880783202142,8.7885215063214,8.06973817348667,7.77280251112603,9.88955222585607,8.47939137637375,8.57942722849785,8.23438890314506,8.45716546726978,9.11213557673925,9.06154382489115
"Gene0264",5.47382574054768,4.44949424100496,5.49120461587478,6.23459195470086,5.89043891169798,6.288659129443,6.83004436442843,4.86865799019591,4.55826303473686,6.92838492766813,6.35748453186088,6.1403412786974,4.58323451672322,6.33712161935095,6.81670174928554,6.67576073430577,4.84591763704477,4.85812568906871,6.91624519639076,5.88948880422431,6.2068492547514,6.05698689289312,6.76840837161472,5.9343677132932
"Gene0265",7.47672165708502,7.69921977860906,7.31683835710522,7.80208994160251,7.81311349797695,6.59805891881006,7.19786025374177,6.98005455127131,7.08595174435487,6.94667118092168,7.65255773717755,7.4378485134996,7.12340082313905,7.81594029307398,7.35817642750631,7.25840937550573,7.7496344684708,7.3059314586542,7.56907881562882,6.8573397045629,6.66910397595308,7.81132486217207,6.47358609768225,8.52109929644654
"Gene0266",9.04918972868696,9.34380964080958,9.3761464044507,7.60049857118487,9.09554902325566,9.07115561967881,7.48724693321725,9.03299716358474,8.88837416876598,8.94339481535629,10.3643373038561,7.86137678573739,7.90439375551296,8.92599224064035,9.66352523724212,7.67310775328812,9.51081437797674,9.3170949986395,9.30461846782285,9.42778472851503,8.05127079255989,7.65289674910732,8.31480884433337,8.74111897341047
"Gene0267",8.72335355034572,9.48529843001618,8.18640540841546,7.92272364340295,10.226084904993,8.83389927003619,8.06690436970295,9.05685717117079,8.53742305125536,10.522712276075,8.84328496448454,6.9682556903117,8.5868919906902,8.46037271547128,8.97124435820726,8.82177431505281,7.99386776983739,8.51103193501319,9.24773772285157,8.81909011873407,8.14107611888549,9.24726607484995,7.67618230243591,8.41954586823997
"Gene0268",5.20004227103774,3.70057723857061,5.45298479594174,5.76863002249168,5.35299169236602,5.46901357886411,6.14419842064224,6.1040234516759,5.19350983731345,5.28795528424962,6.47704242611537,5.36058008964423,4.91918107708114,5.95023107973087,6.06564734116232,6.43516094453739,5.35678248239163,4.70138715477122,5.00118363646555,6.19650392629603,5.56076480028361,6.45655212977575,4.89883933096614,5.6819081729264
"Gene0269",11.5296655040799,10.4023154724691,10.2503154174932,10.00219579741,9.56071110099346,9.18383922016272,9.42401094473552,9.89237716167036,10.5404593493608,10.6476382811505,10.264733957309,11.0057939083464,10.2207275369321,10.474713208881,9.33657742383955,10.3428146974689,9.29250170467155,10.1957395898446,9.78594630077873,10.5009639462085,9.64006884850323,8.94351149573542,10.1060842939746,10.3554302910678
"Gene0270",8.25925524013473,9.48192729495037,8.29053732890637,7.29131598778684,6.57893343292136,5.79769467783827,6.10067801505491,8.838018915717,5.66880255162404,7.77831570237848,6.97437744820266,7.3831763699967,7.60315015495518,7.60277390636208,7.63552198923043,6.10189732343355,8.17220137429448,6.84071439946914,8.77906632587756,7.34095859196927,7.25686950555507,7.5063486324774,7.16781486918172,7.30700282329319
"Gene0271",8.11550038003818,6.56488198293089,5.37085906976472,6.56061206329045,7.33277114484692,7.34729915362335,6.86312060161449,6.97558499013191,8.03162634816211,6.40851519385443,7.32794379482568,6.26126050802464,7.06414811555787,6.48652826885021,6.33306567183848,6.45791575736103,7.7682311883095,6.39890481935296,6.42575166786638,5.69887244249763,5.55535523829311,6.70629085665264,5.66378880385611,8.43674263764503
"Gene0272",7.6649164150501,7.26374981223684,7.71006610831105,7.39786035524278,6.8389626832701,8.41251951552249,8.51779265305865,7.45725157052602,7.20141263023557,6.38872232267688,8.34087659882345,9.20455557258282,6.84187115776526,7.96747218761197,8.59018026915631,7.0734122967143,7.05868969786132,6.66318834799052,7.80372598059772,6.63378807337461,7.87951541775956,7.60983492331713,7.11046460755564,6.89622594431706
"Gene0273",7.37102414499001,6.30186907934867,6.22834828250029,6.14544601515291,6.6084497366665,5.34020286337511,6.85124088822594,6.75025079648282,5.60009594538343,7.24441987814968,7.45206607569945,5.79885096369111,6.49319898048263,6.24832614307553,6.50492575588095,6.70326073677649,6.14030024379231,6.2103326204749,6.59506628981767,5.81284991839597,6.06276943565591,5.77669664700603,6.93723163896725,6.13975717154332
"Gene0274",6.78991868070669,6.55995836224869,6.04439421601928,5.72193467393701,6.43493218761316,6.41093544338301,6.09962538576942,5.86308480674372,5.98308078975808,6.02032629115552,5.4151393859144,6.37893004929615,6.44296854336791,4.97464128434152,5.56961565228092,4.80313774484942,5.99048593920722,5.7753211599248,6.18124227745018,5.87996143046573,5.68637891793246,5.98128769389552,5.87268564222199,5.34465981926807
"Gene0275",9.21547553319448,10.5433999270961,8.30765382473721,9.36921851158209,9.64443458342321,9.02642488456013,9.82124495830511,9.43002831575873,9.63741868265091,8.78491250796825,8.57718961431416,9.1369292854302,8.45968333718798,9.58686076432868,9.16976103359589,8.54390344219172,8.92970648479437,9.56777857477858,9.62171302745594,9.54847343627089,9.4811184478184,9.26972728338951,9.02145599791558,8.91798964391502
"Gene0276",7.64184582473562,7.7507244909967,7.80787389852205,6.28455641764103,7.84993314622686,7.89624309960203,7.70929197151926,7.57036982381111,7.86488093835598,7.69860567153352,8.09087512509933,7.18558608747377,7.15696933725707,8.51654415351765,7.64355364673201,7.54065186771737,8.1156281265117,8.01232009882398,7.302326644247,8.58832008755205,7.46899987563727,7.28918334946327,6.93434810631426,7.80474724415647
"Gene0277",8.88227468970803,9.93059212998593,9.83119664126074,9.35759261119751,10.522416719545,9.28985062951477,9.62339443952456,9.55654264582741,9.41331490552153,9.55433760456956,8.0620845031452,9.00076464742927,8.69559507858827,9.23221896104863,9.53593159532671,9.10194271415813,9.21600991485764,7.95330898181337,9.73196705224223,9.65839688728107,9.26169022774563,9.82105928393847,8.59642121110928,8.66688876954942
"Gene0278",7.27560601854577,7.39765915750172,7.12409700838447,7.76152248419016,7.80359147094319,7.95602733306762,6.66745006676611,7.3071927097247,7.0756368445388,7.58150388143864,6.79965635270158,8.24879624730634,7.56714515807585,7.49192443297979,7.67890574438576,6.4321742745359,7.11574333340006,7.46128702896602,7.35454000928959,6.69879817980247,8.20359628454769,7.95508724453793,6.85711830640374,7.03860230518646
"Gene0279",9.18276061198451,9.33682635579071,9.9309889783176,9.903595833603,8.64183458212032,9.79827353483003,9.09343410245167,9.55819973364751,8.77397492804324,9.11413985475853,9.89335037706113,10.8821005420931,9.4284923015955,9.65801022556823,9.13775281896197,9.52657186332281,9.4036035907886,9.45050506369036,10.0902245142846,10.4610732743038,9.7956329777147,8.1972962242174,8.84094460190222,8.51407410574192
"Gene0280",9.68965064213596,10.1934614158639,10.113892464025,10.2948210213405,10.0771867990611,9.89618433198985,10.4920194046446,9.77233072189475,11.2372514272204,9.70046630684173,10.6524019209898,9.54388347974601,10.0496490850991,10.7363456812119,9.80118273865367,9.6652856069905,9.86892077776804,10.369284609737,9.99112887730718,9.90766113639654,9.06180316646534,10.9754929571983,8.90198082210289,9.31528305958833
"Gene0281",7.55111987271173,6.828682924848,7.66150623374044,7.24531823455355,6.45667871713091,7.99123484236967,8.23951059900334,7.60714114908167,8.74948048155631,7.2884121282429,7.56752521339746,7.41593565898066,8.63534657436108,6.44104580999696,7.59456895423686,7.68976133216534,7.23584747435794,8.71524577312743,7.21265065181362,7.076688252571,7.03015492062863,7.99951888183384,8.74113074222901,7.92563266712705
"Gene0282",8.52526708004219,7.70753613448764,8.22321816036048,8.32864968002069,9.0023640860485,8.82730854625378,7.53489299481064,8.47424304892927,8.40067518753875,5.92065493112417,8.91647311507236,6.89262040052326,8.15312549775788,8.23304931219901,7.92186414206869,7.20872564932972,7.87825147334737,8.02272618502719,6.66356425838408,7.50215061144444,8.15440831713607,7.31203962719805,8.28808828228355,7.21839992407732
"Gene0283",8.59406268811787,9.8491011149533,9.73132096743633,10.8545906967149,8.87926070402394,10.3478242658947,8.17105388919697,8.20726105006812,9.61224072509834,10.0951277936539,9.15395036991615,10.0709932222375,9.06251368081992,9.36292205425158,9.09315071997061,8.31199814495565,9.01696750344822,9.54637169238846,7.84281925015136,9.74655781914944,10.248644264354,8.8348891828618,9.7022626001208,9.32981392197247
"Gene0284",9.72961553545997,8.06384781583192,9.04732346226344,8.72545030823803,9.15212317316367,10.7616252200855,8.28056412611779,9.79541574162096,10.3344771096377,9.20873588894368,10.3766760073682,9.38819216581824,9.51823035938953,10.3705524844962,9.27346176940427,9.91672945925354,9.03966379910124,9.51392366115492,11.1250914162472,10.5144849238605,10.5150369756425,9.4290385856778,8.9532339272279,9.95940435756231
"Gene0285",6.005862558053,4.56496751909009,5.62035430392396,5.79812626805144,5.04863956329502,5.18865231525907,4.95600845723272,5.69427831479635,5.20344737099938,4.64897244433428,6.22394723206607,5.57755548924373,5.04270981819716,5.53372793033036,6.22322120101275,5.20811365347406,5.08393600158264,5.47591450654676,5.94124914280961,6.09261877956419,5.27085769647329,5.59959386407135,5.10750246668317,6.24258774345212
"Gene0286",8.45886497124317,7.03351619379369,10.1145452548068,9.4867270028237,7.5813158165421,9.5320401731835,9.62016718105236,7.6566336236969,10.3230439342442,7.67802210348425,7.83979545967771,9.39375027141548,10.3080934673886,9.11185935723016,8.8149382644121,8.1851386148125,8.76415946681687,8.71379860583357,9.29792228744592,9.55298476384307,6.65211439565803,10.3795666701088,8.50402681741365,9.93929824923661
"Gene0287",5.57929937436786,5.95722167721503,6.78004157034221,7.18978854402111,7.46228616203888,8.15752965084677,6.60164104204248,6.34917909375546,6.34278940532503,7.37317073292034,6.78561065799313,7.26613559137399,8.38114768003126,7.18680073301226,6.88969145691892,6.50693631847747,6.97115466538265,6.44206450313258,6.741469262588,7.28731354345146,6.99599226874977,6.29667052070322,7.32328051115971,6.80954924184072
"Gene0288",5.26149693596739,8.0924269744421,8.12628776015886,7.65175253141399,7.46243532067726,6.5118350190874,8.46666663045352,7.7117576101799,7.14616856755035,7.14914665705776,7.85938670307716,8.35504794669542,6.89701860310309,6.53820336358356,7.56901144666284,7.86688108218636,7.32232050729366,7.27591671715859,7.95933832165039,7.83565314331518,7.69193783708071,6.85894568317956,8.60280666393002,7.33527983938209
"Gene0289",9.38656334446841,9.95840865278273,7.14754112714775,10.4963715410458,9.83159859575649,9.04134403450572,9.22520596282218,8.37538955239303,9.49883385569368,8.66835515759213,9.34223313049722,8.73351710980328,9.47141116037487,10.5628581024976,9.30704398005663,7.80874517097584,9.37652550895485,8.77121670352437,10.3135948445546,10.3832845479637,9.19663406452847,8.71725360735316,10.0879589265244,9.46115839405474
"Gene0290",5.24254530375973,4.22299137617437,5.96969840916624,6.07867611480897,5.6213947596476,6.28148941424391,6.72979033028282,6.3496518674388,6.00982591118777,6.57060512625008,7.46529415695065,5.91253178897746,6.8848428913353,5.93778084477132,6.85828110154512,6.67728631058499,5.6468568834141,5.6719048224295,6.30790512331373,6.19614889327445,5.29284086697699,5.37239175839864,5.35558852375413,4.98844189051116
"Gene0291",8.72137199530237,7.49166556812564,7.44738446434386,7.14593354129064,8.28700829888596,7.85588486774502,7.76876248803626,7.99973885363065,7.81993654537701,8.99013397851805,6.60189552188402,7.08915668766595,7.6811743737473,8.27295328129682,7.64991780850906,7.76427703293617,7.87190088618692,7.16242717742038,7.61655079887621,7.49892859329299,6.61740000612984,7.89486923387121,7.41477717592033,7.3289749012947
"Gene0292",8.78740835938784,8.34175659100072,8.69935236643981,8.31450036907622,8.51663975243962,8.60365414172622,8.36181741381864,9.02139954078347,8.85232792059756,8.48774073150307,9.07480166665113,8.68734784030226,8.76007017680912,8.36297307870908,8.59945951932964,8.71334521841409,8.43540468150738,8.92358486415613,8.53235989829375,8.42340875267411,9.08673206228795,8.66281001679549,8.93451733545057,8.1931087561369
"Gene0293",5.53951936210035,4.65306263738482,6.45731046037022,7.03509720216185,5.71391714908947,6.71958462517502,6.3459790201682,6.58530017050588,6.01321848280465,6.7139897359405,6.40240917176967,6.6606089418486,6.12660801692012,6.17167214011336,7.22919707975445,5.93564889343881,6.28188155213199,7.06389021969549,7.72686058704825,6.82313425583901,7.16899763857693,6.25842485066273,7.34197940350909,7.16632568420566
"Gene0294",6.70559570541808,8.26818936317274,6.39698647726323,8.28480596495918,8.27229414545697,8.54349801244232,7.85340996736763,8.69646413802069,7.65100314577181,7.36792345988479,8.47298297920873,7.28479558250873,7.31469264562588,7.23008525528259,7.48376664882764,7.73458033500478,7.69399765322341,8.80716122020115,7.0470507670251,8.3708360898978,8.14258147095354,7.77820119055126,6.19198410844673,7.70614098909264
"Gene0295",7.52654463904367,9.28552410808613,6.86954960599234,8.35095985602961,8.32903206878852,8.56683839845829,7.22809766280596,7.99131416580463,8.8401809418232,9.22647970143738,7.70455861895605,9.16431617033652,8.21693812029308,8.53916475071224,9.89394636096491,8.50671531636576,8.70498256026679,9.32247022752425,8.22510408061925,9.17904123439737,7.51328867825035,8.51081369034703,8.40340193988978,7.84405816660032
"Gene0296",7.3935817091526,6.50292183878864,7.38264593587676,8.33718844757746,8.00148539435493,7.63797585379992,7.49238731594354,7.7881128009371,6.49318655276919,7.12057499714325,6.82547909714007,8.04084124269474,7.33442156637537,8.26407735076799,7.81529090842472,6.6873362623244,7.76330024961188,7.35586770430697,8.00983483799742,7.31477728032204,7.76448250912067,7.66237414640033,8.44356727726805,7.06862782404625
"Gene0297",7.21990611587857,7.73607386790493,7.80583236963479,7.63520825366154,7.61147818298347,7.55203772745903,7.27323424217201,7.83592497724349,7.75802203779668,7.7379830300966,6.50376057652732,7.7871520953729,6.95265774290642,6.94249666666263,7.17733750486956,7.16399312011943,7.38541976909945,7.79839530010143,7.69327334802509,7.30282190250025,7.48605283096116,6.97431473029793,7.06092010230668,6.72220853242801
"Gene0298",6.02656631866059,6.04175097937405,5.58898459475168,4.87781626403023,5.93914285992352,5.4936154784813,5.73710747941706,5.37083964639058,5.85042601166203,5.3667292372334,5.60827411415875,4.74201780810528,5.45627377090436,6.21889301770123,5.63499661956963,4.73736466211442,5.39639753318434,5.96425038204816,4.79134333145646,4.74942021868791,5.31855432619586,4.72048978006924,6.55134171571836,5.33056202963455
"Gene0299",8.01961955873251,7.62769045563538,7.12625043120737,6.19396660038185,7.34377427970957,7.61460214665747,5.65249196944134,8.41349612327586,8.60951032501139,7.70948806631104,7.90190628954142,7.68543241642278,8.73419050417179,6.33209624898644,7.14278827201464,8.63525703275438,7.32626462896169,7.42897687675621,6.89298526019051,7.69153631454025,7.02533018086067,8.44703128350985,7.47440290060491,9.66224230764445
"Gene0300",8.23619346694625,8.24104123961984,8.42870718681499,8.45186556575188,7.54898911905156,9.73775963025038,7.1583974853596,8.0084062058798,7.74483882474664,8.55780984234923,8.39538129028231,7.5950343341734,8.38227954919724,8.3163397956996,7.72808687110342,9.32653827420631,9.09493360802835,6.97223891212119,8.59816164660211,7.28854214091466,8.32522487149765,7.69818659120913,8.40438731822769,7.10554003407153
"Gene0301",5.83845595211746,4.75872658370054,5.32158986917683,5.37433842139258,5.9747009604534,5.18903157272466,5.31746570839662,4.85331171383637,4.44430709066402,5.26486071726708,5.35619826102764,5.95098864416221,5.77858103383099,5.81458558281329,5.79253037101252,6.04083744187517,6.27039332095039,5.0422859626959,5.67919245500863,4.45981929476641,4.18863634276353,5.76821193712135,5.2360364647028,4.42194055610359
"Gene0302",7.35625236770767,8.56282838119776,8.6235777402379,8.58462494382051,8.07732211952496,9.60451048579358,7.60994857511165,8.49941157118931,8.4112615162496,7.05578024746781,7.8753781282792,7.71344191240462,8.60264405924138,8.01924013251225,7.57680180418853,8.02341216249545,7.7499860466404,8.17169038795707,7.88424467810597,8.49920630410265,8.88407422378441,7.43866559492912,8.96717988555497,7.97678148751162
"Gene0303",9.58213191286855,9.53686741666979,9.41052073401158,9.33924903932582,8.10680044702193,7.47724764541363,9.02014074197521,8.27105491562964,8.83007536978637,8.93043129130282,8.6556560348698,9.02033815604695,9.38095043254028,9.56921588006707,9.20080112928866,9.47542213303938,8.79342648908206,9.06678143404499,9.49362951792695,9.1569534719864,8.34446590301861,9.63996822683191,9.34601887250733,10.0892479371571
"Gene0304",8.46656065400595,7.43961030971164,7.99726484924424,9.22369632534862,7.30465890164508,8.23791260602406,8.74413961861952,7.10645716548333,8.43125259559571,8.12521355677111,7.615881760263,7.86568378743155,8.64715444431425,7.57415637593722,7.53003644140288,8.64693818436033,9.13816205842734,7.68277530276469,8.97926911449418,8.54956554586341,9.05724178036437,9.17382028157548,8.16335731115501,9.61710259475378
"Gene0305",5.42570485903839,4.13866784903289,4.57274959824127,6.59258312069593,5.19305592351261,5.10647588064101,5.58081074550363,5.65199358150358,6.8062618454431,4.81981538243251,5.12531144801821,6.49853500861499,4.58795710201059,4.67364038140819,4.91114184398638,4.94711661345268,3.99557654928537,4.43708275805114,5.18860239979251,5.22977603823805,5.46616250848526,4.87429432284683,5.73623128904008,3.91953213367739
"Gene0306",6.40986921057848,7.277958970828,8.27404290054898,5.8785312094065,6.43175729142244,7.49307828948173,6.89729507092451,6.80282144588607,6.36182570831873,6.54278792456399,5.91642097655298,6.16617394345843,7.74731448424728,6.12039035661379,7.07895529084693,7.24046453150989,6.66673738996797,5.69269550527941,6.43465575444905,6.75981041411132,5.78140146445321,6.24728074640887,6.25908486992851,6.58186372425511
"Gene0307",4.78794959706992,7.14167031295633,4.95768434599386,5.52996660227374,5.66961599928025,5.63158964454052,4.65260315755637,4.8835355881297,5.85440347650409,3.39856649595763,4.50029146713288,4.71679923382061,5.26648608188225,5.57633407444513,5.12578534388488,6.2118880047206,5.6547017459657,6.62157451227271,5.59177045139621,6.44396340013304,5.62136034594062,5.74429299647957,5.80431300158091,5.54539630757625
"Gene0308",9.7885895389167,9.45480411150611,9.84420219655108,9.22489852248555,9.62227811174236,8.49921208900231,9.69737683772286,10.9663305364455,9.82916646181948,9.57075553125114,10.0208266907254,9.28435868811946,8.85379476582325,9.46815983098789,9.80614178736768,9.65921180474316,9.41025542360584,9.30430321403707,9.366175908165,8.90094599426334,10.2996438281415,10.1124793563631,10.1041575235867,9.3481103229316
"Gene0309",4.42752478981979,4.54104733444989,5.6267044215427,5.17193448829658,5.26498980537899,5.68625564564419,6.03349495495795,5.33312527701219,5.43455486310196,3.29446250101273,4.54303824534194,5.5171365777528,5.81589367544592,6.07744432593987,4.4111974973587,4.69592751940262,4.96794943333323,3.41375784452626,6.0527148990414,5.35265538358724,3.33486134157077,5.11956966507757,4.93621423681608,4.90825018216255
"Gene0310",8.39222658719073,10.5984261951321,9.77089721015597,10.2259138281874,8.71358574500259,10.7028711519846,9.55890723754738,9.52503746319646,9.68231099717957,9.27568221334359,9.17221028732376,10.0388120185438,9.99013415721866,10.4503423756682,9.17074164479142,9.48171177393538,10.1638079606636,8.72092570777254,10.2076606901004,9.24756876754018,10.3253095817446,10.324575126659,8.94916435660615,9.78785490843794
"Gene0311",9.19751789368036,8.76403574321648,7.85683187438354,9.35333142421473,9.60055574975455,9.25059557730445,9.21311160946302,8.5393058852842,8.817995479026,9.87054164492265,7.95767720221179,9.02105171281032,10.18996211004,9.16199131158747,7.59945375691566,8.93476434291082,8.74279298333747,10.2600322532255,7.96482164457316,9.22833278651827,9.47556014550369,8.96377629858109,9.1501865340578,9.03942092061504
"Gene0312",6.53667984681874,5.48963631895399,6.40285205237883,6.35800343046193,5.38644052101061,5.37571606559675,7.09884613489546,6.24907379960794,6.73651087924737,6.57748996263559,6.20909471633118,5.995133010722,6.92641127630326,5.89221120854996,6.13914669925482,5.6166391142364,6.52075051585504,6.00656157787109,6.86160083310559,6.47452684756253,6.03513789811353,6.63941081273801,6.05074597786671,6.18554817952954
"Gene0313",5.80508266456823,5.74209221478692,6.71159261769868,6.86458853835741,6.05538551267248,6.8485190033051,7.16654557218946,7.14546969518587,6.01051930743815,6.50502611928323,5.82998116991665,6.64178548038473,5.6372769828234,7.24646597536757,6.4664759914717,6.66192132886823,6.67424257662325,5.88802168538495,6.90179323369217,6.05722157763835,6.67666259248126,5.66706264834117,5.73375714490583,6.50543200849108
"Gene0314",7.83137217800398,7.36534526765896,7.7995491178919,8.30162873906414,6.69072926933603,6.7415148597135,6.18662691323763,7.2882665043824,7.43342590902209,6.83818728174484,7.58587192698872,6.65997978327151,6.68159789883404,6.27747499991458,6.02762504125914,8.41917104560649,7.21262155557728,7.50581726444738,7.63414419514675,7.29976596007868,6.79641519914982,6.66425001186578,6.60532086961808,7.34888420821694
"Gene0315",8.95092511237469,8.03851292986949,7.96953759546452,7.46757384717285,8.30028346210933,7.83387225652547,7.26264529464944,7.98690529635108,7.38510430225876,8.80507504575124,7.81554019331475,7.34013657106103,7.600557747922,7.76525546501737,8.07662381521905,7.37532634002729,8.04341667195623,8.43638580522599,7.40535711386086,7.68506007422403,6.98103400367317,7.969927077851,8.10949951564816,8.02204361931795
"Gene0316",6.94929862514448,7.86267507791317,7.12336897818356,7.47424095472463,7.63300004382482,6.41796120116802,7.3350282129305,7.45077227041598,7.81446918552939,7.9082714287981,7.13544177536547,7.56972415139907,7.45393287320202,7.16680838219062,8.07307137796914,7.88242096747361,7.97981898313933,6.69132702605282,7.68676545940883,8.22458051965473,7.22392385734765,8.93118532522407,7.01857306007381,8.24551463909102
"Gene0317",8.82846847796459,9.51230976947882,9.45335593958012,8.89659942008898,9.05117464761196,9.21764271868949,9.88456010149837,10.065493914386,9.15777646815103,9.79052034436365,9.44218947223396,9.28646206313706,9.51721735088002,9.59905929144511,9.73190952625671,8.59118946240105,8.5061329847625,9.06364867715681,9.56486366029825,9.82372703420931,9.85346930227565,9.01532337510646,9.49148036141205,9.62011495430964
"Gene0318",5.96929241131917,5.7365421205166,5.81179860986718,5.24063684195354,5.94557687378594,5.58820496405716,5.12739655738187,5.71060468541792,5.76184833064961,5.64391537183074,5.58213105990889,5.73028584965642,6.40615464785055,5.75282332893004,5.63033612726705,5.97632738800428,5.88659892164236,5.63140775812199,5.45861224035183,5.19753201045308,5.46973120138379,4.67472461556663,4.9920851960142,6.38316119559118
"Gene0319",8.93356454173148,9.26882592750129,9.50847856189831,8.88957392587115,8.66044359963211,9.10163016498558,9.39325690010814,9.63473566533942,8.66547484443668,9.2429047145083,9.62046237241628,9.30018687955639,9.77885999490575,8.77742305339455,9.57735507394735,8.53676029647306,9.0563958623764,8.41363565133765,8.79857357456135,9.56609806934492,9.71621434520915,7.42864314200306,8.85824375430552,9.35864835612775
"Gene0320",9.47934234265617,9.43281744736838,9.29809886916619,9.46136786847912,9.42972261971113,8.72027895683247,9.46968238884642,9.21297922450407,8.91181806872791,8.03640444804561,9.06157860805086,9.53847631569394,8.85367910477824,9.25398602754741,9.11228290374926,9.1788966779584,9.15752013979465,9.18919010597675,9.75520725198771,9.59938572910346,9.13564867305847,8.35952693093077,9.32495945952534,8.72330523362311
"Gene0321",6.65678043078288,6.76020067406926,6.53901948061821,6.81782743096009,6.17419074718138,6.68638592758238,6.27968454139883,6.28452749034238,6.47184989533376,6.1984538709362,6.38308091370158,6.47497185225635,6.01013483389834,6.58545412204144,6.36691086992249,6.38290804853485,6.4516828767531,6.33959738972975,6.71462907573638,6.25766478794728,6.92016385712712,6.48805518499148,6.41531188040517,6.82245860749178
"Gene0322",5.92680024688377,5.27987681881813,5.58084601439566,5.29296390376818,6.11867403773542,4.25342473722694,5.12978157196048,4.95683058083324,5.3663639384385,6.34247943537176,3.91448434798472,5.33139258358972,6.19263586407544,5.13527374910714,5.23356791544842,4.5117246786541,5.08375773478354,5.27096155566373,5.27639371727776,5.60963157777072,4.11933450315054,5.58591511631794,4.29650444234211,4.1203560757257
"Gene0323",7.96377257212426,8.23496521542489,8.06222552078007,6.83421700799554,7.47699671642863,7.0188596490861,7.17222366433044,7.31840626708382,8.17567591035101,8.88372646346073,8.40030612808555,9.86498487426008,6.96713522045343,7.12542419255934,7.48727508518446,7.54832798015472,7.0009155162728,7.52004715452598,7.24485563937544,7.97243925555009,6.659351874419,7.08126905194254,8.40686859356066,7.69790532688563
"Gene0324",5.72410164869435,5.04636359379288,5.06804337742397,5.28406790304942,5.45462831665917,5.61795446849243,5.9982981856762,4.3242880146513,4.70966463401719,5.14112503405613,5.58169550262487,5.40951737090771,5.16142339202285,5.12359501078244,5.71572137072423,5.39095080883374,5.09649804328529,5.33867536564742,4.87664997508985,6.19443674280759,5.82022667829403,5.19860357830795,5.99515399474854,5.15772593181582
"Gene0325",8.83361919363656,6.55514943583108,7.95725004289809,9.19541428716849,7.91863955024849,7.71469731216291,7.92574942260903,8.11418097211975,7.98511881442971,7.84571443127973,8.19376088266001,7.21378346588167,7.99303496049453,7.32237666382904,9.48084976135101,7.21456994952975,7.78528344606715,6.83445148558065,7.81280162251717,8.45484779567689,8.04849818360143,7.99636030428398,7.85894885249549,7.15947007183676
"Gene0326",9.54057667303896,8.84183655224007,10.1056005838619,10.4472799974118,8.89533484022487,10.2964913481717,9.24066025400387,9.08085210570829,9.35224556761326,11.2817443194426,8.9740152097775,9.28190275077893,8.83681489067935,10.1314793116922,10.0941573863428,9.48392753563476,10.8067069213745,9.04180530011115,9.29189419016559,8.46534129329491,9.17207682271703,10.2740393326814,9.98240587047885,8.77755168628502
"Gene0327",5.52348147668312,5.64542174654427,6.66712312391049,6.149489532655,5.5528675996735,5.64242461395703,5.96811106979287,5.98257836717056,5.3671082618279,5.12392074119811,5.48685561887475,5.30323457401508,5.74352113447227,6.12104333990703,4.83305255485331,6.52563085464479,4.94384795665565,4.81825156826642,5.09667779647071,6.02069619937334,6.17389210897694,4.82428179549392,6.24418241444498,5.19455562072557
"Gene0328",9.1082806655166,7.8169609570908,9.88111723753058,9.82708222616155,10.072025155531,9.62491315792098,10.5386258264383,10.2145765451295,9.83213090167256,8.97591286261461,10.1374981541865,9.93527622397654,9.27547331641558,9.4265065380062,9.89519135991682,9.41756939252939,8.89020330667919,9.4097479328005,10.1497780181559,10.1867244151114,10.3944141658809,9.26127302651315,10.2724995791399,10.4915446603247
"Gene0329",8.6364114231258,6.56273439034071,7.77473026759329,6.85308858693436,7.06725987573587,7.0810037818351,6.40500877334913,8.60191463470398,7.63127614190341,7.40274956361126,7.99443844642354,6.58940165679902,6.10577659487138,7.69946270122306,7.21848712452283,5.81234061807551,6.42926600819406,7.40447759293761,7.54112061054091,6.09832771527612,7.79435252437866,5.93207003620725,9.0143947707929,4.82305971379304
"Gene0330",8.24708110760942,7.80487889638864,8.88538001353165,7.4126695238777,8.30687131328044,7.47163046642476,8.39124232197996,7.92535134120109,7.85043919575975,8.16796467684302,8.37522486032366,7.93001255531313,8.20833096879231,9.00008985700707,8.13809843263513,8.04141390905178,10.2902355446928,8.11883930518209,6.60407383640793,8.00261120895448,6.69984989033227,7.78237871054902,8.57994043667062,8.78723612800496
"Gene0331",8.68126369501273,8.05542259791461,9.00565561687749,9.14464996181034,9.19528897027216,8.49764621210002,9.10148173748853,8.890348383661,9.02647639083891,8.67838665813678,8.59338554093216,8.11537659939673,9.78021241864809,9.39960668818768,9.33678310634867,9.07858577777788,8.90423584711582,8.39186743806609,8.97498977188362,8.94151307371472,8.96558642273325,9.05610702854067,9.01718423169525,8.0753878488705
"Gene0332",5.98939256921572,5.73850944414792,5.75126974795257,5.38548402545482,7.08227139390965,5.97694928568857,7.15823251855243,5.79277028950141,4.59314789622264,6.00666056414276,5.92179323706011,5.52350091418192,6.0293589165654,4.42818356102754,4.51417245939188,6.82705688651235,5.40621739986342,5.70243718261726,6.40496207094539,6.34898591438838,5.718345412336,4.58474304060392,6.51898990001616,6.38119033238744
"Gene0333",8.65424937467112,11.5785190598399,8.66335268904949,10.012804555453,9.13962186059085,9.58422923169534,9.41936264780199,9.27012656598648,8.8965132046487,8.91356989860936,10.8263249811951,10.2050731635153,10.6298945017992,9.17480424137647,10.0064936149183,8.92402503474068,9.19757317653812,9.67795820576506,9.61432143387823,10.4597806288691,10.4826202043742,10.2340987873341,9.07845009372162,9.11694684515692
"Gene0334",8.66233932088964,8.54410033595442,8.15413034582241,7.79587230224056,8.11204921050693,6.94068827691762,7.07222706433239,7.68019363228348,8.12125395138869,7.02432669643209,7.70648131575985,7.60511794804745,8.57414489432137,7.98168413809121,7.57435053578146,8.31867111437416,8.04124026452801,8.0078574989574,7.99183771079067,8.104047006483,7.59634827617859,7.67385762086873,7.83157780918422,7.74039797947496
"Gene0335",8.85816473758537,10.0425446946277,9.06676078386665,9.78214760241269,10.8048620625465,10.9000871317608,8.34973449644713,10.1533033447777,10.6237953011434,10.1287357875649,9.03949263062953,8.87042965759885,10.9420251375908,9.22996820046057,10.5495337383904,9.41453122447081,9.42944553200051,11.3176979894364,8.61461858245705,10.2022499009815,9.01050989628125,9.48822757386075,8.61489442341597,10.1689987538101
"Gene0336",8.73617299329142,8.77814342513551,9.5302035500765,9.1596562424631,8.52322132647536,10.1639390967913,9.74093946115163,9.17307263749459,9.22096789091338,9.07502359348277,9.24279693471974,9.46793403241978,9.72480286564861,9.54467073034617,8.95139299655101,8.76940465832577,9.6853878618986,8.9333377345557,9.00705418808591,9.13086967691494,9.77166344960483,9.14741260409757,8.55233749085498,9.71241372379595
"Gene0337",5.31639860805523,4.36190776306792,5.50904521887952,5.96499923210087,5.43395344607122,5.02578185603306,3.3181823767339,5.34524667996205,4.06997251359312,5.42561444135007,5.31723554954398,4.78307569991745,5.21017597733017,5.3691105544951,5.87901194325673,5.19803013939891,4.54686758041135,5.05351519591277,5.10378139267972,5.43823609197317,5.63334450359859,5.29488287785181,4.95463429207391,6.28253838759897
"Gene0338",5.71218206513528,5.58760841372847,5.29797758262294,5.45387688959619,5.61348274922072,6.20456426013718,5.878345047436,4.55056868639853,5.36759799228908,4.7239411158213,5.77180678097145,4.76885863156363,5.87714827528195,5.72156054595428,5.76165535988909,5.33960875967944,5.95563854205989,5.78611205337959,5.06620527517736,6.02760739432224,5.25899102175487,5.53359332197494,6.25866729326003,5.847652820825
"Gene0339",9.46519922985641,10.2714372261617,10.1208561160397,8.340273109663,10.0347571266658,9.68308111995985,8.73270606934322,9.63076626811353,9.23113288257932,9.53143458826889,9.05101401179987,9.31138877890255,8.53235553073457,8.41664978127518,8.40759533596865,8.60277964626987,8.49228685862276,6.9888116803379,9.65026388935009,9.93388027815217,8.40333535394664,8.77795660312903,8.43519847238409,9.46762898304694
"Gene0340",8.80577382489643,8.74330466181816,9.06315023046344,9.80209155275578,9.19126081055664,9.73164018738191,9.97170066224815,9.62144103303752,10.0372599833442,10.6669876691758,9.70162726040638,8.87132608503365,10.0386928894664,9.8771971865359,9.83550036358317,9.62487435387712,10.1641277482883,8.60078434538562,9.63461223800681,9.33760212009745,10.1710760972255,9.45797434597745,10.3286322030336,9.69744630720205
"Gene0341",9.51350016909826,9.12329454507812,9.57033294852355,8.526744375004,8.91706804429492,9.53858721396889,8.89377807530703,8.88198967007904,8.86200709993668,8.31674563204633,9.97730834868618,9.69692870128022,9.0343814864947,9.80995290521977,8.55268094859809,10.2842957853367,9.19486400522764,9.27284567497157,9.7013951380951,9.20438285996398,9.99798111749803,9.98025251499311,9.2849279048308,10.8506273930256
"Gene0342",8.70881152006141,10.2421945901805,9.77232458355475,10.4078278098213,10.7851868227272,9.07709124438895,9.60460018409809,9.42320169389179,9.36653802905451,9.14498956333474,10.4402848777526,9.45691026077521,9.57496326240685,9.0501299258827,10.3145593504526,8.80898399096844,10.3412853567331,9.89743194300562,7.85047243086361,8.83763989406783,10.8606219386604,10.0785929796092,10.7924399737964,10.6921562076418
"Gene0343",8.5491941813526,9.32340622187411,8.05805626823742,7.44954826129216,8.73750302959375,7.1181027863667,8.734607337052,8.0887452472715,8.84853110522356,7.65402194598906,9.29997602037047,7.37441265738479,8.46065384618773,8.5019134562246,7.66112139783464,7.77677866568014,9.158995888571,9.01143482340585,7.38782608681153,8.0134769088476,6.91947797746128,7.71001838568398,8.38990216839056,6.7870793140934
"Gene0344",8.87700002621399,9.28874754440914,7.88041810266254,8.1496895203897,9.51429064390496,6.59046008348494,7.13240708151236,7.82377701112638,9.09587098049704,9.36337233038508,8.28474666769983,8.65333982080126,8.96495022462672,7.94494460167004,7.90862045675996,8.44053096470296,7.90454211402213,9.7777322715905,8.80850030897431,7.47104162386724,7.80755777025607,8.72425620742257,7.19384548251361,9.05412768705207
"Gene0345",7.81907758539645,7.91950172962847,5.26505833934002,3.6864910585294,6.47347950223517,4.80845669891881,5.15494933455909,5.42994123125334,5.5980167424816,6.08996368198962,6.01509228742204,5.89684793683432,6.61614152703047,6.49928684266983,6.29833598988566,7.26588203181277,6.83827899770431,7.06307093602105,5.98878705551268,5.66561930917213,4.64152326039616,6.31118045432205,4.89431183749083,6.37981071769692
"Gene0346",7.31570738461559,5.8684317426858,5.26080823602418,5.80091085873807,5.80150758004615,5.2814053583995,7.14458845089605,6.33052069205914,8.26498880761433,6.52144560648554,5.33360175774655,6.45431897147814,6.03667009729053,5.40269191866265,6.30932930783361,6.66099177241416,5.49304215551423,7.68744264607777,6.27801841458687,6.29914070016317,6.79949291895064,6.97383223146148,7.14950709127178,7.38718856574345
"Gene0347",6.21536937507883,5.44609287174664,5.34618909121589,4.94480579929078,5.18827633411465,4.43048127807276,5.06444601782891,5.46018272314488,5.39222405455496,5.13764229087072,5.69701815577857,5.38177756963854,5.30209932946872,5.53295839086705,5.86165566460694,5.47679327945669,4.84501428411516,4.40310413311763,4.82646749136419,4.99196312497588,5.18494515544666,5.40646313811427,4.72407429329086,5.38250617892879
"Gene0348",7.60753241307893,5.97258199744533,5.48535003126472,6.16706505435715,6.59334880608638,6.72853506242739,4.96090356694997,7.48088041939183,6.59507336286821,5.7756367063803,5.00128887519777,5.85456098643763,6.18892267581861,5.66523578292532,5.06730420910235,6.77090614345938,6.19220642967148,6.95227491884814,6.49252191809722,5.84787227169747,4.76819653568612,6.03656228479283,5.06554649464952,7.8554761889329
"Gene0349",6.94220319296684,7.02927147676231,6.60398958027749,6.36901855569993,6.78638414670873,6.98822633626039,6.88431117979159,7.41590369451755,5.75861427799068,6.22007359163443,8.54349878684187,8.09600756396466,5.9673560012982,7.34070032500547,7.82097522959231,7.3050434086864,6.28717661734923,6.01287762357111,6.93258647369498,5.50278393432726,6.38765403789274,6.30115038086663,6.5587719266505,6.76896997784318
"Gene0350",8.1609948601787,8.74795230040501,7.61990876607358,8.94267837038848,8.52152594374774,6.60023205988511,8.46354701038838,8.22292589409488,8.5397909186407,8.68244291535804,8.04307118300948,7.71633505674355,8.14799288066212,7.82340665023722,7.00562541916548,8.70688801236678,7.83322875156303,7.559405603324,7.50617983353347,8.10494402343694,8.79916410893474,7.12714363730635,8.28244199484271,9.1829431608948
"Gene0351",7.34792600372368,7.47536281179506,7.15011592250302,7.66739799755493,7.86313494771085,7.77311884441899,7.58241696691897,7.93030753840475,7.41756382507933,7.51341821678711,6.72267603227842,7.32003346611951,6.85995167755536,7.77377080408929,7.37793568842147,8.44001703367726,8.15058381634061,7.34091054710964,7.66279050954747,7.27874139736392,6.23205164495437,7.49539940369294,7.25003543566982,7.43053392920526
"Gene0352",8.0380189090405,8.11916641265189,7.69266464258295,9.14366775536595,8.70433507927622,7.65269116277914,8.1294206528646,7.9196477109034,8.53942533248598,7.90293118496249,8.05662926560251,8.3859000345879,8.71862324696828,8.59556085393233,8.61287912659968,8.3785760276699,8.64838256382689,7.76032433079374,8.52964505530009,8.74247049797219,8.62163507892113,8.55762860888409,8.13207895783136,8.98623851811195
"Gene0353",8.43713436412561,8.02992416275153,6.92276235423731,6.73526823124813,8.14358843005914,6.26137021102501,5.90892569508196,6.21276175040297,7.48094483037033,7.24791093091432,6.53721562576501,6.9595506495638,7.03778389688424,6.35110617430131,8.17468788096456,6.646561171384,7.29308397406146,8.17804245315461,7.33591488203259,7.93913052159709,6.41662471715092,6.54921093733394,7.06034397463119,6.49731194407287
"Gene0354",6.00370972680938,7.74976265071735,7.18295900516428,7.91990461187857,7.72119073189091,7.26222254961442,7.58804387557646,7.95255167886892,6.00363373868647,7.01401777767163,7.62912665165896,6.94708789223041,7.25971012914962,6.68957960391019,6.25420820411332,7.51534517311162,6.68872970432507,7.70528077816024,7.32529411481119,6.20260757513363,6.94015210508042,6.56028874768131,6.88138154780299,7.34080665064544
"Gene0355",6.35614347961111,6.24369140160239,5.99250022693657,5.97370141503137,6.10534827588594,6.21074661426854,6.14806783509648,6.17723500806064,5.74565489478801,5.23175094317062,5.77595318426598,6.43330795921286,5.7430434158953,6.1652155463142,5.82441794325087,6.34910279932599,6.96531237121913,5.50230620962648,6.24322625778147,5.64017419315664,6.69714251115729,6.99539133586674,6.64518152566957,7.0120503159223
"Gene0356",7.05901321375044,7.19869555225114,8.63755841287753,8.4410427027329,6.74778016934946,9.33646345229648,7.78403776749125,8.66689910335162,8.27368276298249,8.73745224476575,8.38828311650132,7.9823607112321,7.96362944893194,8.30915587040037,8.94249121303826,7.82807899192115,8.84012854811405,7.68077415776321,8.57332107287701,8.65888631365813,8.57704627515443,8.98567840443286,8.3750314965813,8.31697943901038
"Gene0357",7.48887645929051,7.7212964481793,7.43117735873565,6.04303773825575,7.40528223881181,6.87275726104484,6.72958630589,6.76846180614565,6.54661560292012,6.69564234452104,6.56491423872193,6.45681591095753,7.16871906351609,6.58810700887236,6.86645244140667,6.89448879941143,6.4615466684704,7.45946186706843,7.04749529964435,6.26281232710912,6.46927147972751,6.47973621725344,6.26832401984512,6.17202183281455
"Gene0358",4.59876152179792,5.44219114474052,5.82278260921153,6.39793203477713,4.0530424030662,5.01455135419794,6.43584209670277,5.36116089626865,5.19340292521092,4.06441033728057,4.64865329989164,6.05751400111975,6.17969388002978,5.11572807519684,6.36540904863544,7.85514164925352,6.4994654927903,6.16634637986447,5.57775930816456,5.6803829397815,5.9928580823133,4.97743997698168,6.00118792919996,5.69123483143676
"Gene0359",6.72646723506784,6.70029798532853,6.23776420427888,7.58812495803081,6.36378386588435,5.59912981532333,6.38093738508612,7.47497933479496,6.29046324069061,7.08861811388856,6.86558549130071,5.34445796225692,6.54168079993394,6.36431781266671,6.82777077531488,7.05211643591656,6.38444451280232,7.1005501443581,6.84380987288432,8.17574069797272,7.24460828745524,4.81287422644934,5.96782588211632,6.65420346118069
"Gene0360",9.26706157771585,8.17442162208271,7.79445232875677,8.24108950368407,8.4325322299042,7.28504837671801,7.87761851957948,7.38845364486347,8.26230986521394,7.89700797358239,7.70692771205018,8.68050003283911,7.41469353291037,8.08846317023309,8.14964247089097,9.20381237173058,7.34517444007025,9.33184759720437,8.56178287745715,8.44961408139826,8.77474137788206,8.59114757192937,7.61483552737824,8.50123426323469
"Gene0361",8.72818639575277,8.58307556167873,9.48995719982794,9.50044508480784,8.94104516464685,9.65008277362312,9.1612329654683,8.88227615954661,8.97698820415754,8.4169513156932,8.76728543157731,8.87070742690127,8.97044915854044,9.17294090174352,8.58794208908953,8.97235054131595,9.48873930630324,8.94291365903329,9.39828962843498,9.63481109768003,9.29601654075811,9.27743921419759,9.08741863037949,8.6459444915635
"Gene0362",4.26333199925174,4.10242973265849,4.86383377566698,6.18770017819683,3.78749770506686,5.29239676880231,5.21007449398878,4.88881674061382,4.64293991456962,5.05933761807408,5.2405784399333,5.85790592063725,4.46448084266841,5.54928981612587,5.00428934567768,5.37001901464774,5.41577440428093,4.29672165789719,4.84164447442053,5.4016555261995,5.87019271128423,5.85521883639687,5.39500398957997,5.21154005096681
"Gene0363",8.28630982416596,9.03044612414107,9.4611928859786,10.2023023986381,7.81104999550101,9.74532338168238,7.82178421068294,7.71493066095106,7.16510339914327,8.51221511373206,9.00986147085107,8.02164065262723,8.37113935132496,7.87974168308386,7.99087546756884,8.13391053196465,7.88304903559333,8.41394063166091,7.09891927741635,7.19498191150708,8.84820064310342,9.12757575349222,9.17620206166468,8.43473376908088
"Gene0364",5.31052394207373,5.61221460288834,5.79577957220373,7.81019078177402,7.57402263781436,6.95497099292214,6.80122076264828,7.44064015131824,4.79065548829015,6.80420299631975,7.20199398608744,7.04024071183739,5.3144895854833,6.42099393463688,6.63341164802184,6.01561118109445,7.88835008214896,6.74519436958988,5.62072713329293,5.62267118891721,6.04517262329747,6.22686594567689,7.26067379878357,7.71154130891859
"Gene0365",8.09383985768019,8.08531167785007,7.5894934529133,7.67343484046338,7.88884339836182,8.95570120252309,9.04774991144163,8.9349958515846,7.34838659927149,8.28822931817753,8.0094012792399,6.95073417981091,8.24217959493794,8.37505148343942,8.86978078992085,9.42989232450668,7.19691417376628,8.63688940704511,8.41043301977375,8.92454297557476,8.6386661178108,8.08556781379361,8.54668705611702,9.20021291298471
"Gene0366",8.84586009315637,8.28587190666778,7.91254900962395,7.22792359234049,7.79790544685936,8.03166784878849,7.4796541806056,8.42790068076851,7.22155995820711,7.46030140889997,7.88716644634284,7.80564345649809,6.68826149572734,7.47223509741604,6.94576661254508,7.74996904164706,7.31307759940826,7.79854543194743,6.79665673957383,8.59886733907463,7.12152227470461,8.05127620288361,7.56490421558284,7.2806772653373
"Gene0367",5.99616345234604,8.00929495313675,6.6356461261073,5.5929097813165,6.42893091003348,5.924202381757,6.38509431988668,6.80471812573277,6.54567127505953,6.24577075075043,5.84017872621026,5.98105546261959,7.46535588177636,7.09333303168375,6.80521086876113,5.85609768989307,5.87819837997691,7.69586334661926,5.88832758889161,6.04349165253035,4.95738207524349,5.18465720202087,5.32790875357604,7.01250199943567
"Gene0368",9.54989278686429,10.2372590001297,9.84415303819708,9.4653732753345,9.25910844674751,11.3922472947829,8.4681316067841,9.78584078045187,9.80299794254359,10.3559729223632,8.21929814002556,10.833730197747,9.4923615626835,10.1332003856678,9.2407474734824,9.55334328238745,8.0443057786517,8.48240035112425,10.5507492544938,9.56682815754717,9.14024313861431,10.1055458694856,10.1379253145733,9.4000700729222
"Gene0369",4.70277858312084,5.10745457746235,5.75768889025719,6.30679744295041,5.40665614032185,7.34562515063957,6.10328853642042,5.97252457348399,5.39093810559487,5.88994185011257,6.43226366248312,6.64019252867354,5.57716295940922,4.91253551554225,6.00020651855346,6.35350374123502,6.24617966295579,5.62816051764028,5.98800287376192,5.98601119868628,5.92127164887992,6.35246604261761,6.91073387331915,5.82481186356642
"Gene0370",5.06866623996986,6.7984857888578,4.93491283025473,6.56324336925777,5.07473574676205,6.71181529936642,6.43625015444909,5.42184180132055,6.08884551710704,6.45327600057148,6.43771563010471,6.04608405477384,6.31885910973473,6.44387062799827,6.5222797231556,6.18517643100322,6.27724705835347,6.3600177976428,6.46752936844263,6.84498656965401,5.81354686043292,6.19193373921849,6.36954233614285,6.00752522252731
"Gene0371",5.03743590387469,5.87091144064741,6.08333228875413,6.1318258743622,5.26621055512461,5.56936447988979,5.87140845126809,5.02311761595743,5.11269135860391,5.5173357677609,6.22064240879183,6.01270733155696,5.04709848588521,5.77706196296094,5.72405300643818,6.43299501590355,5.07650792483815,6.144059967398,5.63638047574568,6.38164916055284,6.89571415389523,5.49218445116488,5.98469096997607,5.73359667605694
"Gene0372",6.76310472102036,6.70073100076513,6.60862482292041,6.86885706373734,6.87736755503665,5.87510916015508,7.24905090424985,6.83839780202874,6.81319125786677,7.7187945327286,6.34058065219279,6.59878295414166,6.65028320940993,7.25049892797088,6.36335896323726,6.41285868603065,7.59491263386196,6.72579194670499,7.47320886974636,5.81497628577044,6.14468519603396,7.58870147799323,7.6512918830954,6.41641872769466
"Gene0373",5.36782909679471,6.25490552450245,7.00576904885947,6.44266288978622,7.16742037081977,6.80594303953543,6.37298404545319,6.88702146946258,5.86252280684341,5.83715320934788,4.83248462073512,6.82440907082101,5.13245864199933,7.28467960442534,5.48015630233255,6.45613717933741,5.61656533764941,6.95211784236675,6.29749515195813,6.94146097247627,5.98721474984143,6.52353440942802,5.64382259418103,5.30236376618505
"Gene0374",8.99760332539259,9.96644019039596,8.87256389883559,7.49694335773501,9.26651765037904,8.03659077950222,7.95392285967487,9.25190086299903,9.1622089777996,8.12961865755166,7.77829608150477,8.78871477449772,8.37351293544955,8.07783616064598,7.77108488934108,7.43056652623073,8.10490991906556,8.43176429556371,8.70357342451885,8.08074134607299,8.15851275516666,8.22493571201479,8.03765191565008,8.8794809166585
"Gene0375",5.9996557157274,5.83939988078004,6.26274281469583,7.06039968868326,5.29605172171925,6.73965396925091,6.86310848335319,6.33884105143417,5.46922331155744,6.88856720080897,6.87478735661211,7.44154803688891,5.81890865576471,7.23413255727712,6.4483189734935,7.13002542763548,4.90655145025341,5.17147473366705,6.75186155539657,5.89447173770546,5.97264565896487,7.01113220787118,5.80323034346869,6.62016902406452
"Gene0376",7.5294855671207,7.49235725994695,6.19850806123943,6.88169820628948,7.68637618501236,6.94478238872222,7.69462758612742,7.5454231923853,7.06429816632335,6.42556208086939,6.01536650873581,7.35780190084106,6.442706640604,6.43754903356157,6.70368958063253,7.10593129491961,5.90856790842089,7.22398008717406,5.09988518157485,7.03834091543108,6.38260184183377,6.21099057862487,6.43944118346859,5.90543780051794
"Gene0377",6.21261689392828,5.57187911425132,6.134155746665,6.71133788102964,6.6011726377972,6.92849534995326,5.95164774188128,5.6239592006888,5.6401768005032,5.4208277477375,5.97583404243508,5.70664303138482,5.98825700668699,6.61257185172018,6.08397937202724,6.09917004420547,6.09809752959676,6.08841378599765,6.04697617166728,6.21883944302891,6.46418810681116,6.31789597087015,6.39806229701033,6.57225822005982
"Gene0378",7.36360231000326,9.0455773936976,9.11557095492656,8.73055150351389,8.58169796430681,9.67738113701136,8.23972068040017,6.22797735531084,9.29698542369534,7.33120994995011,7.97077114455415,8.34475260964376,7.7679446341873,9.26687637329272,9.92506289154865,9.20520336120313,8.20855841752816,8.116795313297,8.5808412819832,8.76166669666093,9.66688073732165,8.67316247361995,7.84763800207664,8.52734730719947
"Gene0379",5.17680920767382,4.46438432528977,4.39170267915402,4.48531291182846,4.62986161735341,4.36288820162567,5.80991995684589,4.57087557703192,5.33456725217374,3.64129273083685,5.99373088681978,3.74478759221502,5.19025127520601,4.78328381014492,4.1370561385199,5.14172477400961,4.68183229402914,4.00230327196743,4.76082784140507,4.17454206056814,4.34210234596592,5.89104472676672,4.79952454257919,4.2951513152525
"Gene0380",5.77790546496181,5.2726348103195,6.40458464514398,7.55392819095506,6.54664330649751,7.67484122963473,7.27439679877729,7.3340369341261,6.94056578213233,6.93524273617048,6.89880940704623,7.18560907898176,6.22332927146221,6.75591766359803,7.00725450826261,6.45356169621546,6.26187848777776,6.86140288615311,6.3279794709634,6.61215018234374,7.1900173252225,7.07677108872543,7.06361339487596,6.44434837400165
"Gene0381",7.99200973769621,6.66268627088741,8.76594479490559,7.72412963350463,7.58854980784982,7.72762882687633,9.24203936706231,6.19854874396049,7.69029255325873,6.49633409726371,6.07982481833511,7.75789906439217,7.62013435127273,7.71209818171582,7.92074668150538,6.39735697758569,8.02569862835469,7.41922832863833,7.45555755793589,6.12924820336655,8.38867054389816,6.79306040403211,7.13522793683385,7.85093410884503
"Gene0382",4.28003007859667,5.28834077037041,5.27500802816418,5.76340227449882,5.3649547967257,6.58832070039269,6.04268131465845,6.09627824585011,6.15491547987047,5.79401865836977,5.11084210150609,6.42702634270294,6.31818243232323,5.25794376054556,5.26649122366109,5.3383182096411,5.85545089823513,5.8141218412817,5.90060720641948,7.19033944396669,6.57092355028695,5.80893759526958,6.61413164164282,5.27055848449885
"Gene0383",5.57414587220424,6.86257058893809,5.86953137743898,5.98003526771243,5.66057490973172,4.73750100579735,4.6803853466622,6.72404194748172,7.24270903740371,6.25371571425613,6.41156360747572,6.39084498948822,5.9259933477283,7.41358654230232,7.04321539954094,6.58671598338171,5.68814089297362,5.73112093562822,6.30495761611539,6.63949080149307,4.72170300502021,6.47523495140762,6.17316836474691,5.28698187984328
"Gene0384",7.99079588261848,7.46542736859677,8.41050399091032,8.78952805056277,8.27861514696768,9.3935696030918,9.67716044963467,8.80192109478311,8.0807795259749,8.19195267469066,8.16952945193645,8.10961661101673,8.54429668373219,8.76489384735369,8.77500410921738,8.15481719474639,9.64088141573486,8.52972889420551,7.72313438405545,7.847307936599,8.60908451555359,9.48013936755314,9.45582207246718,8.58770421725364
"Gene0385",5.99017359069754,6.35318736781057,6.55166800959044,6.01066765783748,8.09033428354642,6.66339488882732,6.4457337552766,7.03151241927344,5.96162303543238,7.08774242977949,6.33475944333658,7.04581691917304,7.47975691709404,7.26488058020006,7.42084388462483,7.08352300048285,6.35099536280646,6.79122817354282,6.41103818705684,5.77528319897187,6.11107784708041,7.61459311726815,7.03143722083241,7.13550721449363
"Gene0386",6.89173334948498,8.89994134444435,6.49689574926372,7.02453170259563,8.33943690267138,7.02396144957319,8.02233282725164,7.12988187352861,7.22916292564037,6.84719125604939,7.81150476666052,7.67252731395398,8.37834752765095,7.89983946118759,7.25122754591597,7.09974406267562,7.94606804923594,8.00757671377948,7.09836397827676,6.82264165813868,7.15819106259412,6.03106705588018,6.74932220226193,7.42640738635081
"Gene0387",7.67599480013238,8.15891493369501,9.07757047580608,8.36390986480807,8.38972222981468,7.96533045072721,9.12804313565331,6.63000699350439,8.04930692927762,7.52631134073626,7.68785305215122,8.20206340306644,7.00625629528828,7.69133982540628,9.10264438384299,8.78774041431108,8.9974983392592,8.78555028461338,9.02841507910102,7.75533720169176,8.0689861914986,7.9768270191981,7.97870224398236,8.53455560063127
"Gene0388",8.1708948760152,9.09959643610154,8.82278051493665,8.97325701373213,9.17451736196414,9.01775108128745,8.93763474227029,8.69646451933055,9.15153714287478,8.64446546603812,9.29256135784853,8.14027246158298,8.67591316523161,9.25592630772436,8.9196908244965,8.24701048012786,8.94254302353734,9.1564785323295,9.11974140054296,8.89896979525014,8.79072231798059,8.56135470716346,9.43273755258245,8.34822674938969
"Gene0389",5.99373206146616,4.51046291626034,5.27547035947402,6.18186817833546,5.10646619464494,5.14611623811058,5.93101123009398,5.51534491307453,5.96998697519921,5.0220303146347,5.60968818024731,4.5022434151523,5.3581241572413,5.54898440149847,5.72378195350271,4.95080474316749,5.61988393105427,5.28025074778706,5.07944007160832,5.50105548617239,4.92101742704779,5.7090219126348,5.48403504273869,5.10245281092592
"Gene0390",7.04591467581127,6.28869496980909,6.48173227072775,7.00699845150158,6.08357733838981,7.304496399889,7.11915803109723,6.76140952391199,7.94796147745195,6.45647366321344,6.85149152332854,6.20761717757369,7.14075043266732,7.03107517378222,7.297094887863,7.08501866874114,6.93573703851612,7.050754167591,7.32619581752803,6.83013345628452,7.5144613612499,7.28877124093904,8.00511076124068,7.51691556529692
"Gene0391",6.49564669038513,7.88213015444282,4.89294939192071,5.57221193219133,6.34353410733072,5.20953850431807,4.75312771225516,4.24913231995854,6.4790777515454,6.12950033610298,4.63648433555433,6.23977316761435,6.92498145295842,7.66120411761076,6.18644088273605,5.88607978604972,7.61905655383717,6.66886922961165,4.89986333946282,5.4124476379923,4.14394712277218,6.70863827752113,5.51473165426363,7.14063558604268
"Gene0392",7.29008259904921,5.52676751308712,7.44659587277176,7.22018391066726,7.28772319895939,7.28388519050304,6.49278893278881,7.46000532924259,6.88290623807859,5.78986286170832,9.01382520917581,7.11725927757833,7.91974010195478,6.90938877724113,7.72946655721388,9.59259144614171,6.19884592714282,8.09452211868134,7.47297754804048,6.50343196783742,6.27514398400782,6.37257036464238,7.81372518585053,7.73961809816909
"Gene0393",6.52346249804148,6.2390270218572,8.32525306057525,7.84541429989685,6.70988878034665,8.67546828256975,8.55053337038169,6.77770439404568,8.05723302394908,8.59594758716926,6.39569538443015,7.84728455902399,8.29286935179925,6.83196229105551,7.34838154457548,7.60808139409,7.84490725473606,7.2058995560587,7.7065422580607,7.71765209195977,9.42974454028474,7.00594888982583,7.99645838320722,7.19474879786224
"Gene0394",8.41081143953898,9.37974267984534,8.68712364008086,8.39008188647996,8.20831783564591,7.7221940126477,8.40103803383396,7.69361375939336,7.75621086098861,8.61169134349534,8.2653961218254,8.20836685387516,7.84001507746268,8.09117148490788,8.11660470043719,6.99012235148753,8.64643060622043,8.65868316008898,8.73665698634581,7.60415629024473,7.16441078639143,7.22677533185547,7.91970768648445,8.08989233320254
"Gene0395",8.84264747310833,9.34224828105147,9.42722335275413,9.44050753107892,9.54489280992938,9.50105588459802,9.23173727654749,9.42566417280766,8.8249427934263,9.70885304680072,8.81395360901748,9.86535006357977,10.3286103348513,10.2986472568504,9.71097003758498,9.44927312415312,10.280423136597,10.6329917703446,8.95753593843258,9.64066771564394,9.75662579861846,9.92443429440053,10.1238504344725,9.27064085589111
"Gene0396",6.29647161877811,5.36855740787227,5.90719768078107,4.59154860296077,6.6914391621318,5.04634228717322,4.88365642708528,4.40335637046534,5.62986045125122,5.06893441506318,5.14899274674021,5.23691435940665,5.56837287129927,5.62499524960612,5.5807412221667,4.06170881099481,5.19539312712557,4.76422655392584,4.31399390422472,4.43287795212764,5.33988926170217,4.7698448613484,6.29131018470604,6.25752531963667
"Gene0397",7.47895955252457,7.48447395651921,6.57584865902822,5.94810902008704,6.82430063886897,5.75166335198462,5.8878127221182,5.63517475795716,6.63111853378173,4.67187163279196,5.29974594300782,6.41479729253196,6.27116039731632,5.88774262815423,7.21661335488315,6.05709228986898,6.19052504273502,6.21420961960747,7.17059218615584,4.87285189958466,5.4595419902798,6.59894869687591,6.65984326029724,5.76765565988636
"Gene0398",6.77468399074508,7.01932451067842,7.89841140719895,7.93226844015727,6.38349441633368,7.58485319235649,7.24646691201184,7.0370993151395,6.93730377121631,7.40738814618767,6.25330480024475,7.99988145060631,6.90163849155511,8.13895742011723,7.07747450132344,7.91185307930812,6.66551355844829,8.04753874269709,7.77556012341186,7.52189895485416,7.48317041055123,7.47032637258489,6.70444600770732,6.90544450213531
"Gene0399",7.27461033786258,6.8414565132441,7.78826692525973,9.55368760176159,8.22199434238611,8.74548042095726,9.24006545178649,7.00992322656413,7.58342010263599,8.02757627674185,7.60020446925529,8.12961743538803,8.05353319605836,8.76412080214024,7.6057118504926,6.94838291221936,6.98358892625368,7.35409421360499,7.67175725563975,8.45570658119313,7.70587021261213,7.69116217942397,8.3509568630925,6.79514463301401
"Gene0400",6.92395619404104,7.03184716864872,6.08707609597876,5.79936887349687,6.43945561683889,6.026475793357,6.29140245571389,6.18523459435414,5.73517876361452,6.62657204308995,6.59597004898817,6.58825901833079,6.37167074637306,6.40736019693369,7.18375361479768,5.91369098192477,5.78536622576072,6.57652035992562,6.64424217053302,7.6935082537266,5.30097245172497,6.82736934450347,5.66801893918699,6.21290733152374
"Gene0401",5.24907483997563,5.08500178618141,6.38563087109126,5.6933279712524,4.47285984605623,5.92861401793093,5.34389241275608,6.23176228203118,5.26976473417916,5.85702478829645,4.54915727494995,4.47978445708477,5.32301879039582,5.55314180116256,4.18448257871746,5.82429958214759,5.70720836669154,6.54519467956207,4.82826777086642,5.35867099159664,4.79871860969279,5.09863019142899,6.30136584571708,6.71530474536449
"Gene0402",7.92108477355871,7.59837802394384,9.03457123961148,8.85517415016948,8.90271200988938,9.76658300773448,7.5880606355283,9.34807726874629,8.88457922127353,9.33139876288353,8.41331266738289,8.84018949566862,8.36827052448015,7.74797243877745,9.09791395032178,8.29050663264649,8.85267998274405,8.73371459278013,7.09218405537841,10.2434587765813,7.65026212173936,7.83653470877847,8.4797657929784,6.98897233965743
"Gene0403",10.7312300437022,10.0049535218757,9.28586310802038,9.07833849771921,10.7425541500355,10.8117929467799,8.91722900803356,9.41257194671614,9.85191960800294,10.3489515327077,8.74722192332367,9.75581013027996,10.1078508466596,9.93322106813124,9.28968882163757,9.19053515531127,8.93150655666734,9.06873852839787,9.47198842409331,9.04840051643929,8.95443565772347,9.44369583238465,9.6105619033389,9.03934482501434
"Gene0404",6.6918576829429,5.92635139477962,5.13487496829119,5.74763849692579,6.45076426280611,4.72904503132633,5.07689989750649,5.15245569542337,5.0465800612856,6.76518404589985,5.19597788811035,5.37929729322519,6.20459430693697,5.80947784332411,5.54622391398886,5.625858119406,5.18132444635936,6.14798558669815,5.77803734170877,5.74159878179474,5.44330319144375,5.48235686505709,4.76150448262792,6.75733568226266
"Gene0405",6.92794172674154,7.97342806281273,7.44264127348559,7.477068796136,8.22738809484543,7.8408230205811,6.69999593712079,8.35935490238467,7.37457789151461,7.88926902105948,6.81996281238631,8.35369424325595,7.34223375064865,6.91486517256392,7.51214038188819,8.22796249667746,8.28618828756283,6.91383448366111,7.26408516065097,7.7547813412962,7.25406761995789,7.93844861922743,7.85223359816154,7.55244859323524
"Gene0406",10.1556731812593,10.7711199939156,8.98090943306465,8.9459454188304,9.57571988056674,8.8624878576468,9.73797772698159,8.98797963015718,9.38322514459536,9.9658311978346,9.52726354792947,9.24774053544541,10.3350708053971,9.43843907627148,8.60613572229467,11.2813112820022,9.81017230972548,9.30205596104139,10.8082130610993,9.32076792291389,8.81209371344773,9.75489637916103,10.3575237254135,8.99719705278238
"Gene0407",6.68596645341912,6.15515339467489,6.96089409306203,6.84840610637635,7.21705512773185,7.0121541238897,7.19301841333206,6.47451952237948,6.40491369748591,7.42051885526857,6.70489338595882,6.7258767605678,7.82407768779091,6.80029380322576,7.5164724844199,6.7889953609248,6.68949478379753,7.21534361764203,6.39781775194084,7.17984178149833,7.32259272120522,7.19286632129004,6.29889700716431,6.95380397429309
"Gene0408",10.140927086646,9.25662947998948,9.20509865463136,8.24273716575826,9.36852500046005,9.87476107735482,9.27180989168495,9.60093707642485,8.85805449950213,10.8510085866726,8.15586000543773,10.0238825052726,7.75144340310046,8.79984675394348,9.83873360103717,8.95479154802319,7.69202610683702,9.39090893411999,9.87962987947607,8.82352773296691,8.4514853729207,8.94848247102402,9.96142854621849,9.46621614191331
"Gene0409",9.62715674924592,9.41492810262633,10.8025980928947,8.28885685328997,9.28285333691986,8.44084151381678,8.5079006631716,9.67134072550237,9.86430815380491,8.59715029031825,10.2859189121283,9.13965082355614,9.43997258796945,9.97797577805288,8.62913367127971,8.88125530296267,9.71299664777748,8.92384013779859,10.2296269242264,9.32490157615741,9.59447516728238,9.65954739632668,10.3481788738919,9.61153362681187
"Gene0410",8.87960879497294,7.95000303440034,8.8321819909285,8.85844954620109,7.60057238525866,9.65237575124623,9.00318960072842,8.89537442846117,7.72561686750071,8.65870508284718,8.5306747068981,8.67989515439984,8.00825249216443,8.08548910257283,9.2491292148244,8.63176895614485,8.60931200375606,9.07759731533221,8.08863104103201,9.03731289011129,8.9435429923198,8.61810618295204,7.91167765489496,7.79500488375795
"Gene0411",6.37142676012334,6.65489405240993,6.60150930434683,6.66868495136898,6.17535689956886,7.34638841207738,7.12266539407943,6.77002050970285,5.9816544087793,6.46794921648509,6.70237336665698,5.12662306801262,6.6441962051144,6.14516063676815,5.22949987979029,5.74308665167265,6.47907592494685,6.27699619009091,6.49768485572158,6.21239840563911,6.73444346494681,5.17471134169545,6.74354534604412,5.86014719692999
"Gene0412",6.67928764394729,8.14068941826158,6.82566237312819,6.08702483318419,7.68797709351432,7.88938701084485,7.53391918493386,7.6791099719241,7.67416592863454,8.00749695958544,6.54112426292612,8.17792118442427,6.37565638738656,7.82277978628208,7.69543878724632,7.67907265180178,6.93547042965453,6.51750719503988,8.03344247898365,8.07103992803384,6.67162441628922,6.88092173614432,8.03715707039811,7.17696778259828
"Gene0413",9.99774622567509,9.00617851063675,9.61305895890574,8.53679216453223,8.65013151638903,8.85834271665033,10.6806299821949,9.16889060985731,9.65703091977426,8.830442965044,9.46512164568662,8.55509649386204,9.95689784533326,9.19637299930868,9.68847288272547,9.33050628258182,8.91621300573859,8.80663270715343,9.58409159596038,9.77030728032742,9.56266666095525,10.0040445628485,8.73709575879585,10.4432869000272
"Gene0414",9.05608702694291,9.7453469741643,9.26148094308305,8.98225598785079,8.90254505641201,8.75637918845008,8.58633817542951,8.64986661966886,9.36081997530976,8.96378239567419,9.53037941027707,9.16079608045338,9.08367607096891,9.1540239122451,8.77041398169966,9.25112656005029,9.17012329512292,9.12061068020876,9.49107129891549,8.92049295759903,8.48659064794024,9.21913361183383,8.94374045799822,8.26548291001716
"Gene0415",10.0485843713771,9.99564633997971,9.39782793443935,9.03059612006355,9.50714347709292,8.90032597479442,9.37261516621529,9.47722094679276,9.99473954462145,9.40216647887416,9.73421507823996,9.31679771619612,10.4971511988898,9.80366172372008,10.5927151477288,9.61972177907122,9.42548772655943,9.66859213314323,9.64431909532997,9.85994827143612,9.09062555523121,9.6538368448583,9.61158557349704,10.0041172534315
"Gene0416",8.22386592015672,8.20905445837764,8.39688863868394,8.85195939240283,8.09970032483527,8.30994381001728,8.71965131943332,8.22573587363562,7.52977679189694,8.4200022913644,7.88104761714145,8.58759241126899,8.40733093242064,7.41885267878865,8.70410376415923,7.81641519359141,8.4748572381959,7.81303897512951,7.49497906822784,8.67488654504822,7.9850984133954,7.98566095602566,9.31120540053567,8.24871500218637
"Gene0417",10.2392141325396,10.5876939623509,9.01511188545717,10.4955202410658,9.48611023290828,9.01958052039128,9.04285765465595,9.67242385933804,8.19658636004193,11.8533512637523,7.92695758037369,9.43355537574077,9.66298372540806,9.11450200586802,8.6636146277302,9.33497921205869,10.18470709591,10.047189320289,10.6529918503118,10.8006981846247,10.8212328184253,9.62578509831973,11.5814599709341,10.2109832075382
"Gene0418",5.39696395122898,3.74978298064594,4.71896805141443,6.08125790043057,5.95225753443722,5.63653209100085,6.91851778276504,4.83359670733694,4.8105861217887,5.24844247406716,5.30685068233024,4.99105121093857,4.48773425270425,6.0292036621204,4.95729119928301,5.75301432300692,4.54052602292751,4.6982342358541,4.39965575351421,5.04261863141686,5.42145781979847,5.660239594482,5.18849046108813,4.46123219140692
"Gene0419",6.81635061462074,7.07782791255882,6.35508529986247,6.54822066904416,5.98339144265976,7.36504761050795,6.83528032610213,7.66883482458085,7.55960974513206,6.91985870028408,7.97104442798919,6.91691258087331,7.03103319424899,7.82790829821587,7.29154956537456,6.59903944863158,7.58794063021862,7.28925334355887,6.30171907160536,5.97512567528271,7.16874698196438,6.80201730567412,6.83855428065569,6.61971566834681
"Gene0420",8.97841960681426,9.371839529333,9.34805078210036,9.23981937539248,9.48136101064114,9.13671006260484,8.882851165622,8.20634619674618,8.69139651922195,8.29754120328798,8.95951830792143,8.63626842762544,9.66500731140404,9.16268770236061,7.58411915874804,8.47671124375373,9.03798891652831,10.0154927156217,9.47522783306331,9.10530768696288,7.2530042378805,9.02089251664392,8.76766676207297,8.44358238703283
"Gene0421",7.7114977909426,7.71697519795899,6.35495239252055,8.8134736352148,5.81737875445575,7.18527894085588,6.16995610365869,7.53454107427725,7.05700832380084,7.55206521950074,7.94638026625112,6.93481255189543,7.59937910315152,6.37172963395178,6.94544820123967,8.19340523580336,5.9287508429788,6.7358586806636,8.03709064107208,7.62324869984615,7.60753818416679,6.83226561251462,7.00765970417303,7.52317440486433
"Gene0422",8.50360608577374,8.65366167407318,7.56067239223267,6.98597606304199,8.23787743487201,7.88120995639085,7.38920048556303,7.14232475987245,7.89618047098549,7.73595927632579,7.60118313889675,7.27812524481287,7.69595583777796,8.01028056300547,7.06944521752567,7.88779784996379,7.53952733441987,7.5061243725972,7.90107091230525,7.67846748061068,7.73988430633336,7.41840276481809,8.07030033405626,7.70742979133226
"Gene0423",8.28689292678641,8.35393219358799,8.88040736942491,9.43982856661507,8.49602629231805,9.99060953983598,9.64652677587576,8.45577266682395,8.12533861115143,9.18865844838396,9.19928252254927,8.11095227987981,8.67170045715692,10.0692472380548,8.79745422574078,8.59274780912111,9.76832840370378,9.09841230171554,10.0207176255011,9.38230851853424,8.8154562974395,9.04855477196198,8.84294588419696,8.05814210102508
"Gene0424",7.45523171038217,8.33752598264697,7.14199707892199,8.22029747230394,7.43572011776174,8.78013523014462,8.88730174134519,7.99085961603129,7.94601132095638,7.42348740240938,8.77141500618779,8.1176817396835,8.02781073628054,8.40467004626233,7.54874442503277,8.28418183457045,8.41752804418296,7.3646523647149,7.87626611201484,8.12272738374242,8.46430473286489,8.40086921666949,7.52511584248386,9.06732611959898
"Gene0425",9.2558196157412,8.78033000564349,8.31977698036868,8.22333607774117,8.70461313750226,7.59898660305901,7.60469688270429,8.42831570449411,8.88628609622836,8.23215391967924,7.14951444518102,8.47551048232583,7.81001045108158,9.21388613000942,9.14159787054317,8.3745155705155,9.22819598878421,9.05645794718593,8.46200053089945,8.35618842253123,8.18642833854269,8.25759112218161,8.0800671422048,7.90186306960184
"Gene0426",6.56914342625939,6.65784811054305,6.40090611625081,7.43686528456324,7.00352098035239,6.93870885642281,7.91854907075758,6.32577265109826,5.79150895282174,7.64400823834373,6.98514907096893,7.17266001471277,7.05755626605342,7.46276540381053,7.49753369118144,7.86159584720722,7.71321775846757,6.62646828562125,6.70121778602639,6.49960663346432,6.73488893296608,6.83521784330856,6.8662728098434,6.96147122941014
"Gene0427",6.83973229720049,6.34565853108461,6.51113374201188,6.3080120029668,5.74935411303109,7.91902754336315,7.57670661037307,6.65583723234856,6.65571956678866,7.72942763668113,6.80524362531043,6.21914042309942,6.46415585862094,6.83010848595264,7.55845184157062,6.81236653955876,7.82955842480553,7.55028423339798,7.07259145157738,6.34361831541096,7.18903914391691,6.49199733105633,7.84028602784742,6.57337508885524
"Gene0428",5.92024996171741,4.76132800416333,6.20402751865394,5.64106615177788,6.39235531538973,5.97847453695402,5.86497795274349,5.32416080579309,5.110257010298,5.71070506409183,5.30591593265547,5.03000045184542,5.02950671104614,4.7027593237931,5.80476580304565,5.61995187714789,5.28400259089584,5.06134091044844,6.21219161574574,5.08550883630326,5.90874063020192,5.99597961790886,5.34332310489608,4.58290217052595
"Gene0429",8.90514189444038,9.6510573296795,8.74702890728977,8.32194668916279,9.46985357779035,8.83571744755187,8.82637242520381,8.98866276804585,8.72555216284794,9.00440873671989,8.73656067812833,9.79247919857447,8.93302640956107,8.88173665142716,8.63951483405865,9.90381945544907,8.44572238644998,9.42956405491178,9.7965808898625,8.80207286578657,8.86939800387658,8.53680079142674,9.36186447208376,9.15907085916494
"Gene0430",7.31844789192758,7.15693502745149,6.60974285154748,6.3991996394296,6.8675843389218,6.32044473727229,6.20164321359129,6.88632662150129,6.60227304807353,6.92172044743275,6.63284234615347,6.4067565640772,7.15512414980686,6.0492684482472,7.06903085387565,5.61344333034046,7.16225553668743,6.77296675389965,7.56979784791408,7.24004502070835,6.37414986365792,6.76548165500857,6.59830009819591,7.32658169666131
"Gene0431",7.36812008908481,7.17182990391644,7.41630720341095,7.46589464832735,7.1333639390625,6.94765166569215,7.82293189838367,8.63053578095461,8.10940747088362,7.60291486396017,7.34441097437173,7.47275673700023,7.4403130469485,7.0755560718126,7.47845048564666,6.84951479191913,7.36517462157447,6.70236625269511,7.95549200727154,7.398220236775,7.58884142876853,8.18736202479065,7.54401798860379,7.89325723733965
"Gene0432",8.99538944299842,8.29967727968009,9.40735177181709,9.41325132443992,9.76913488373819,9.87191030633438,9.91616107792268,8.97467064658252,9.59864309922428,9.9649420867244,9.24146016989551,9.73457623912926,8.53437113364488,9.15578555766885,9.1740459511026,10.7204920333933,9.63801305077796,10.0892922000761,9.6204239411024,9.2363642356543,9.58810766462151,9.34018095433952,10.3115152244171,9.65846888472297
"Gene0433",7.67230797041057,7.40533614053407,7.43380064611259,7.63736195385137,6.77156834620128,7.63865260571591,9.38649060471518,6.40225539210342,7.17766577642075,9.29067973619036,7.5613800586638,6.92522174643565,7.61537945317892,8.35934249559116,7.2644205244972,7.9276046581047,7.03592249426424,8.10044158121318,7.25942955301015,7.04727867397734,8.10345901850569,7.94051287190471,6.15025555815002,8.39940757295107
"Gene0434",4.59296523741502,5.19424106019203,4.58038762866058,4.96894912694153,6.97604922822517,4.6761946125361,4.8057999675235,4.77907344471445,5.70436594204849,5.03983968406748,5.21386059090672,4.34436258277468,6.40362653251951,5.89293192022871,4.46528654634654,4.03447068428252,4.65458600370163,4.10719692181799,5.94775448602405,4.33101618661076,4.84632624906868,4.02050476644912,4.98354873409316,5.07651921468548
"Gene0435",5.88276675047251,4.9364550134312,5.3216976001059,4.29293031509844,5.92768519562759,5.31661168479954,5.22088831809235,4.86938439727703,6.45302157652405,5.89667272544005,5.26850464661874,5.59354936960311,4.59675395098583,3.90291596129407,5.74929020552718,4.14436096959074,5.65885461277058,4.72535704152318,6.65419039155259,6.10741198195476,4.84426976072902,4.28977515619916,3.98904803474982,5.01011835612886
"Gene0436",6.86440647365218,5.85619066309514,8.54433259924275,7.16276172572877,6.50262624068878,7.34388890141979,7.43356559019741,6.65741867598552,6.07489846780336,6.1291966949266,6.98218379089064,7.7834318799856,6.77403875018793,6.2944267417247,7.63667951404974,8.11217819932283,6.56648901692725,6.2876375792579,8.23994571187287,7.26661366848516,8.02491915474544,7.69342568332642,7.95437961924297,7.54996426853904
"Gene0437",5.56987703057723,5.40974775962529,5.18966217057866,5.07932730285538,4.51522123694931,4.59137482666279,4.4771213187758,5.03850662849189,5.02123538825488,6.01692218773692,5.42469576925844,5.39443219790261,5.06983716717014,5.38617474416872,5.48754948068291,4.95073611774784,5.12033415272811,5.23744541931615,4.48740005243157,5.24502695772033,5.5793776603666,4.73925041642879,4.50590020710792,5.0886299381896
"Gene0438",7.95711084690112,7.40556577605539,6.30946773015916,5.27891015918396,7.32076675615832,5.83211585048465,6.76794868864784,7.04834329808342,6.83580483396089,6.89711504348044,5.83120841166232,7.54796851589974,7.37556629597985,7.27598951687378,6.54270862581861,6.62990171289142,6.40626789813549,6.87425995997617,6.73253593800273,5.92367354844031,5.82874006635215,8.73803205429571,6.25642722237228,7.46600940403677
"Gene0439",9.32502404340355,9.39491397516603,9.0085601448447,10.3378701736763,8.6955490772952,8.92613971971806,8.95125276936007,9.99171003367867,10.4612263483901,9.55310952852325,8.979359717156,9.64229402152325,9.31168257774793,9.90127789636963,9.57071513494021,9.94672225295905,9.61572695750169,10.1871201614315,9.9288808027704,9.05120601223081,9.17378057726757,9.67505698622982,9.15064816262822,9.9683066587957
"Gene0440",8.52198251484626,10.0786023709617,9.56726490647547,8.77032594359488,9.37054159612433,8.69109118624771,8.79830035575227,9.66756714001165,8.98391660866346,8.57434938743959,8.37882703721278,8.52196242442396,9.17267328381363,8.64534203704735,8.71503034725269,8.99574596371529,9.16850159316361,8.82188191990586,9.11348063562605,8.64057138237713,9.09821519297292,9.11432251411155,9.54980354555693,8.67006273253295
"Gene0441",4.96363897605529,5.06445569854338,5.24942466807547,5.15378577120885,4.67476679161293,5.65483607631517,4.65973706063471,5.34605381498733,5.01903469425764,5.25387974341781,5.77910706108855,4.99359388499936,4.72423817688831,6.0895177551657,5.22803942762528,4.88812338016131,5.37996331314767,5.07523088516237,6.05408612804221,5.10988263988778,5.43223052422601,5.60671733805716,5.2307223519674,4.77970145028733
"Gene0442",5.76310816425447,6.47159858360613,7.67237329493444,6.78109997048161,6.85559285894642,8.09693961396318,7.85143757129095,5.96999893550897,6.70475008278922,6.8881349743917,8.36907974848419,6.27056602984849,7.71623219080595,7.06329977487482,5.9359271827771,7.37731034805256,6.8551049072238,6.20106897374374,6.55869806683367,7.03317068150642,7.06816272759435,6.65662417992175,5.737348599611,6.78221367746172
"Gene0443",6.73916739148015,6.80994318274743,6.97389292294032,6.70942447807417,6.54782365107983,7.36964546756906,7.41802027954096,6.47316534636461,6.95230716213026,6.57345608532709,6.35750043721551,7.29082741678596,7.39995588151321,6.81423689656016,6.3541324443013,7.22691281128591,7.49014105194741,7.05144309260474,6.44545041515624,7.05704309756493,7.26742312660298,7.00916610046805,6.98243931242516,6.80421238642825
"Gene0444",4.80001131317883,4.90918801181743,5.61622343215707,6.14982005456503,4.51934853650143,5.7687439554851,6.98552325130259,5.31164752139606,4.20541535553963,5.12450388692496,5.18447522873072,6.22474503129698,5.56797982940649,5.11124683591929,5.94666364139717,4.33296471052142,5.4043018984652,4.61788768073801,5.62197681986438,5.24118321483556,4.16011705856504,5.57040302676634,5.42201515921248,5.04421241089414
"Gene0445",7.49828584998244,7.43859782625392,7.52641178977802,7.64900960278668,7.47551072390951,7.27347311359674,7.90849236064385,7.11509391811659,7.25710235028268,7.90278342955833,7.54830694681484,7.75999098898122,7.91024936484551,7.60050968784044,7.44965220541124,7.87277499709387,7.90473150753791,7.63028231821052,8.31331419832654,7.62968065763561,7.20160424226041,8.73551502588443,7.87265627976336,7.79588641788558
"Gene0446",9.76671018355571,9.64153227197033,9.77099110782437,9.71863369671238,10.4742583905849,9.09330265268195,8.94227451249148,9.09183886444974,9.6442030964772,9.18559512468682,8.69768361579663,9.97469621857262,9.67168356252357,9.69994362160051,9.62430799080748,9.59860489956006,9.9221377456819,9.53329864695418,10.2257000849953,9.05818960010603,9.03801213253057,9.51250131784376,9.49093210936594,9.29187637960877
"Gene0447",4.47955329819055,5.08368306133164,5.99719661627024,6.03080503975882,5.09225171309973,6.45146888751603,5.85958680309474,5.62736687209535,5.21193774841991,5.53433984511061,5.42738968759085,5.79129529544673,4.76988289003384,4.69910065045839,5.19083314635546,6.31879229723225,5.45368159748548,5.0497786086278,5.76687060614102,5.31344599917277,4.67269728292201,6.55514776357533,6.16092128857385,5.54598619235502
"Gene0448",5.91690210614808,7.12700893636314,6.27778234563449,5.71353026458364,5.70574215104798,5.23935033147681,6.2917290648154,6.32479219612266,5.25412249293178,5.07927956541662,6.65276581496751,5.0127451991568,4.8595009767497,6.90583898877821,5.06563475503362,6.35111612105411,6.00556228074579,7.45084349121061,6.50238671081354,5.52350020050043,6.03560218640423,6.09595242418339,4.76872449495684,5.60642801287856
"Gene0449",8.42924605261955,9.40907455911425,9.57581940510512,8.3775468325238,8.5907433623587,8.1978607982834,9.48493549934273,8.46397986246529,9.56326215878012,10.3884533246742,8.03501277157579,8.44291935036882,9.16433921306283,8.608501968069,9.48325016933292,9.1433690120373,8.5029516668748,8.7971655000585,9.22644446496383,8.56906394405201,9.71107069908527,8.75196311002202,9.22692031038991,8.17017306162168
"Gene0450",5.31813049374364,4.99259131700821,5.87386980847978,5.66402194644485,5.0180970068571,5.47235358891484,5.79796820983606,6.25277351449916,6.54482543729954,4.37287105353439,6.19797733960009,6.13461405348081,5.13719919552088,4.49307907907548,5.09949815131032,6.45388692524565,5.00259849204451,6.0815469349181,6.25315001573776,5.55262436003125,6.22574120569894,5.39060146650563,5.65312023220799,5.90213558174757
"Gene0451",8.9350655298186,10.6008084791624,8.96513453970396,8.90763495832129,9.65912238582304,9.81796291078392,10.6851566928467,9.41312578901261,9.39460844573457,9.65944096544896,9.29148581782716,9.54354478842463,9.27374051445268,10.5727786588188,9.73498253393704,9.5866954425213,10.3560053426343,10.1297105294905,9.23598405237354,8.76490908469709,8.95457004324524,10.8360499451566,10.5454643634264,10.5334933315611
"Gene0452",7.39059568980803,7.01648903298195,7.49395217248405,8.85892946908282,7.03436122291052,9.01400690695694,7.85612653770352,7.73175596035037,7.932029959079,7.76045159701246,6.42517804366279,7.2173083549826,6.15156442326282,7.21665581229607,7.91553696598644,7.45925793140429,7.38267460185478,7.59480877347608,7.29202871252054,8.00094746443332,7.66213448541389,7.49215995579862,5.95182315239667,7.46944085862725
"Gene0453",5.12503350951632,6.03581588809968,7.07973166492616,5.14939102132751,4.76480905081237,4.65778872881445,4.99664149881129,5.53305407137733,6.13434259400036,6.03166326956573,7.38493387407939,5.23786850950842,6.84245879208355,5.70255213231247,5.7171393459919,5.74353354824409,5.1045537862204,5.29314790522683,7.53111532509608,5.12514113101351,6.06817712493305,7.2434620905286,6.51372905093395,6.99403083166637
"Gene0454",6.76410797520559,5.22697290454407,7.20377404429791,7.27736030530988,7.68857547736397,6.52941178571092,7.1401763783141,7.00278889013529,6.1686030646157,7.03404605828597,7.6168869325974,6.40390821733582,7.49743809841489,7.87240267564661,7.14901980583781,6.85566373352469,6.20752541170495,8.00239416352541,6.84668322084514,7.15568380368126,7.72606105358725,6.86853026739356,6.31269552405556,7.17502695424969
"Gene0455",9.84477363889533,9.65661535704395,9.44680222306354,9.8310085493837,9.09252016428546,8.93830279848688,11.1703341716883,9.77651959089791,9.66295104916406,9.00530355531648,10.3784421563892,9.54506933233632,9.65967417175107,9.18222534406486,9.74535676081265,10.3497805663775,10.1552277184474,8.6408722876976,10.3131451761562,10.4141752450491,10.0777235836446,9.53908040824532,9.18094965661933,9.62998512094656
"Gene0456",8.45214322751701,7.36442098915167,8.12554578844026,7.13856797936869,7.02214809600193,7.21207648496618,6.23996565746587,7.88783286529833,6.84842137439587,7.77854170088562,6.62347607578575,7.74059509389668,7.11316050193805,7.61719361812849,7.63067853695778,7.5223406176026,7.45074670099635,7.00619315725722,6.93397108387796,7.13687774971629,7.01829792535657,6.70663544355302,7.37724183245322,8.28558442211917
"Gene0457",9.19609216236354,9.19050707722093,9.07381110809927,9.605090180572,8.86584569504176,8.65174252795253,8.21485286737601,8.83064222617851,10.022441752302,10.2863415380346,9.33462148071721,9.44476179779717,9.51331252236854,10.5616033813825,9.34446825909781,9.67504908717074,10.1575529956454,10.2897006473493,10.3168362488034,9.64750627628078,10.8162439994859,8.03491410368181,9.31417941633458,11.0133451587295
"Gene0458",7.907899508684,6.51589761046908,6.71201732719341,8.6195449159932,7.0094319626487,7.80915185912037,6.4512787255533,6.7145928100884,6.59050800415482,6.86563185886655,7.08494618377266,6.93695987646808,7.40212946102675,6.71643983517215,7.67544873039137,8.38935814069821,6.89058737319813,7.20688612716684,7.54440381249589,6.88958169977158,6.60538242713402,6.52490766993432,7.36268783017161,5.90766409596882
"Gene0459",6.40424839383656,6.62188159608172,5.95760236425322,7.74571989483763,7.23976710389285,6.09749115412402,8.52704662660925,7.32276198523268,7.0269954318715,6.18009863843223,6.9379307574639,7.17621009898857,6.52636394874479,6.74745163860426,7.46912719327039,6.77395095857093,7.0196907739548,7.08819842157022,8.26770100384454,6.74019340517802,7.12375626189588,7.46511273779595,7.90641524943876,8.13349647282001
"Gene0460",8.06476437391153,6.90648581912485,8.1403404617928,8.33446672460284,8.07514722767502,7.49136787539697,8.78764186950737,9.07693068411015,9.14146428900663,8.2060743677959,8.46055780755153,7.58653091001011,8.37897109621549,7.98025830036897,8.97703092487686,8.20087475634968,9.20087601555657,7.14405100530488,8.7213252495797,9.18059320222209,7.56427697357798,8.0547542541951,7.34150675653866,7.5411169013865
"Gene0461",8.29036193503555,9.39657196209354,9.20522158633039,8.79978507514754,8.37310433755151,8.49513395608286,8.25728715909839,9.02186314495311,8.40490682645609,8.30419416952728,9.000719362261,8.00541390729667,8.10413167250254,8.6983411117499,7.40560551785407,8.92704063151425,8.54263955954113,8.95473606003159,9.16371289782025,8.72028888995806,8.39489219257103,9.85784946831408,8.6519849952047,7.49150704269409
"Gene0462",7.48900489984192,8.00426046057947,8.88698896079174,9.34532847120183,8.25216408271188,6.02042776383677,8.48605485792485,8.29647279335799,7.21823469909536,7.73854381272998,8.20634103348615,7.09965786483572,8.06463356984948,7.23098885072184,7.80062730595996,8.31704075789808,6.95978541206726,8.87771895466988,8.87004576945881,6.46038889694662,8.1047000571569,8.55663147317884,6.47302975631832,6.88085276565287
"Gene0463",5.44502034120069,4.474892446831,5.64512818100478,5.56204609011843,4.57502663074023,4.92142464758868,6.10061962546386,4.87858196623881,5.97903376003858,5.98302268873013,5.93445127390262,5.93530467195103,6.07048274785169,4.88415778912282,4.55872451323871,4.40299493097324,4.2475515171147,5.40388060786732,5.65157912462139,6.02297860925131,5.13474489276284,5.97825043547099,5.37346187426666,5.51203652325283
"Gene0464",9.11008231774374,9.68745747723652,11.096630090623,9.9649596662455,9.3836489272115,8.86825398167067,9.4812638956033,9.69492993985772,9.9616185295096,10.6207237928238,10.8286731421715,10.0857440754892,9.75120859365733,10.4021146103183,10.0215769227448,8.71781049519338,9.9077415783046,9.73555539426051,9.24141821076702,10.1071836578326,9.59869028669701,9.3380751696439,9.82340351935707,9.2929940044117
"Gene0465",8.60324914113193,7.58377040850203,7.56735828806814,6.04928446866859,7.3511609899341,9.62011801705721,7.23762021426906,7.48308658597403,8.99234950160749,8.54442636336379,8.42387300941729,7.64546091454953,9.42261119506771,6.11526688518407,9.79049672113367,7.96014976488517,6.68353644103345,7.79496392761566,8.86683136998364,7.66716589640605,8.17436481355207,6.73239262760615,9.38566006871743,8.3880184214591
"Gene0466",10.1620386958661,8.9389847205391,9.73431626781706,10.6141748476474,8.86343190730996,9.31770636926176,9.64481409374676,7.56291404998277,9.98409453295151,8.54618523566844,10.3077028281745,10.1389517595998,8.20099359412077,8.10615041474059,8.98291478850647,9.46700221445451,9.87620221302176,10.0951880756975,12.0004868846815,8.48237692275321,9.35620349935466,9.48112532760349,9.62947673618821,9.8690325927641
"Gene0467",8.3415774311615,8.98910436225406,8.06061624571022,6.70849870810525,8.90539035275557,8.09552202806984,8.4288005450821,8.54594649807421,8.05007581085224,9.69739375423667,8.01477515504142,8.41019177764703,8.08180802740523,7.03471903033566,7.32026031892363,7.46333010326497,8.60917774097248,7.74792516802671,9.09988681635633,6.88806124930238,9.29656926802302,8.12069073862024,8.65514006736952,7.64331457300565
"Gene0468",7.92380975945124,7.40022913087996,8.21345312801484,8.08134191176129,9.08049591381843,9.08919889872245,9.97753005815528,8.87218876986517,7.8872974233564,10.3061255938056,9.10238700592165,9.23490186485687,7.47153602233457,8.66264739651206,8.91706106515287,8.00515536855215,9.98227046223112,10.5646500622073,9.5204858372015,10.0023903024794,7.15981044437116,10.8475222041212,8.51492550653968,8.60213324560428
"Gene0469",8.17998514798491,8.14857568919242,8.54247732646148,8.2547534930638,8.77528738075723,8.894611545318,8.78640738976234,8.53406218643465,8.64807000881784,8.87252993215442,8.37342614386713,8.39460110294649,8.49798417793472,8.75358959101908,8.64414411556199,9.07836462700633,9.18729209215524,8.54525033879918,8.19425399694315,8.13782075336985,8.45586575300086,8.30043682042929,9.19141084115534,8.43949356892207
"Gene0470",5.82773239271649,5.82299997554006,5.50323995732033,5.77397669600728,6.13887451368068,5.36308283335645,5.84648111006461,6.21934808098898,5.29387809048599,5.4269730834712,5.25144471291919,5.9970612705382,6.40676661197547,5.75931682677883,6.00208536925578,5.94102009160837,5.94216568994189,6.28249519206318,6.36221002488002,5.48021160484118,5.73844459532807,6.79698920819247,5.56186943475059,6.50861623662456
"Gene0471",7.25192705043568,8.15540027456503,8.0605982376847,6.44433114739901,8.07136399035648,5.92758856559262,6.42315019491474,7.29408475035454,7.08454081670454,6.87741557603357,7.17677684390256,7.50244219187177,7.92087117294808,6.2571941713638,6.8866340706603,6.70298773008975,6.77783131502145,7.17925677163455,7.00784579825195,6.68339369940371,6.19583963130545,7.07829127081323,5.84607536302121,7.49427678551564
"Gene0472",7.48322370050507,6.58295495402231,7.1709522443438,7.35240813384757,7.47684265592498,8.26329643293442,8.24143843301629,8.28713379396869,7.98080781144054,7.81868203339576,8.36316246681367,7.54451139862022,7.89788725681885,7.77304263480929,8.22521508896756,7.61336297308776,7.80733372752904,6.60383655772186,8.30599622040687,7.58785678913691,7.53413138366239,7.10554890380355,7.09000036276229,6.21968704436499
"Gene0473",8.61439016058032,9.39713404866569,8.21085028945502,7.82400540171822,8.31685984235273,8.29249755247662,8.45304501665088,8.40071285536924,7.91270402251046,8.05169027499817,7.9488060814812,8.38692252172015,7.54736540751111,7.7944421748077,8.49024423743804,7.45908332548627,8.55375719556074,8.01450029201832,7.89053777697465,8.69574858795809,8.09199982737351,8.52273087498902,7.85389005471188,7.78702538210393
"Gene0474",6.11550983264624,7.8358576951886,6.76326597507711,7.31312315103946,6.42026133444678,6.22480383024176,7.20128149634786,7.00880834340678,6.97341469781646,5.92956418551922,6.55135090098761,6.4673852434687,6.00969726196003,6.61998629526769,5.67310986626585,5.53339569502167,6.01671271940398,7.5101641202276,6.49959813062472,7.17201807803715,5.46436077345457,6.09025522535935,6.19537052375977,6.61693209700719
"Gene0475",8.15618353056145,9.16557232307613,9.15641641440327,9.74568993290559,8.41584540988091,10.0914666318265,9.79055826088803,8.29476144297666,8.19089387328498,9.18568695292308,8.77958390118805,9.33869547786621,8.55637671529007,9.19418325658854,8.69799507261906,8.75706327374437,9.4715852204023,9.23105241136127,8.35242082877342,8.91015579638689,10.1357222729789,10.0229358899093,9.62305214077283,8.4930537140211
"Gene0476",10.0853364636654,9.98801188964208,9.31670822657016,10.7699872687857,9.82358695252239,9.67729767463627,10.3773048622003,9.78925004750464,8.6414579444784,9.14261808662615,10.6937124174816,10.1286655842386,10.1940169501512,10.4852727106306,9.48053358091499,10.2584084394647,10.3465818331894,10.1028346551099,9.83775573121248,9.33880893947816,10.2500737960818,9.91790656710586,9.76169670120196,9.81247207758293
"Gene0477",4.43358278675949,5.35032615601538,4.86073156255348,5.46355951017649,5.25222686200842,4.67225205198276,5.54690854161106,5.60176642818633,4.15611647182001,5.56017224660937,5.03460647568503,5.25793976358282,4.92172895612299,5.37057567535052,4.50727804822114,5.44065531795961,5.26927392480571,5.06467642697011,4.42898237309145,5.37439715368592,5.06028694179306,5.94139921602993,4.98409560530858,5.60154177290022
"Gene0478",5.36925409590196,6.30648475243455,4.12378116544939,4.89330326254745,4.97576091619794,5.47505817384707,4.66210629971307,5.47233651262465,5.48829757418157,5.06480693469927,5.07345509206781,4.68545431917082,4.53808403882786,6.91638163366613,5.46698232387806,6.07063300427623,6.07168562583514,4.45084680747881,4.2960213932774,6.16071212457264,3.87009404279876,3.94899955791377,5.08181020035861,6.03314662797381
"Gene0479",9.97333786868183,10.0452215017291,9.5916096068235,10.1022084672433,9.51890990183023,9.20436139145801,10.150413466137,10.656772034167,9.73243385228784,9.94203863848245,9.7622200411395,10.4978383100614,9.550913480046,9.71185566516601,9.57787075887115,10.9797715184911,9.78652275644642,8.72768460869051,9.94663376222553,9.05229773323957,10.1283981911316,10.3064037268296,9.90667412771978,10.5130926828815
"Gene0480",8.28720819238521,7.72248614480259,7.00535028942308,8.87797971965895,7.4740644025427,8.91866396030637,8.0434018606817,8.88611518101602,7.21115558099651,8.44155314737514,8.40022417094937,8.71530926845164,8.44579456432939,8.61718103802168,8.4573124222465,8.27107485235564,7.35457502641309,7.78707196650391,7.51532141675814,7.92311656196888,9.11345902671951,7.60808322307204,7.70337442815793,7.9926710118921
"Gene0481",5.76274199967203,7.07397639800281,6.02061923946269,5.76703137670924,6.07524078117229,5.7864247124899,5.1671593008074,5.50749114617077,6.06292914576446,5.67681967120633,5.78192474473589,5.45961622311611,5.77153567484053,6.04903265201517,6.64831658993378,6.34665908267727,5.14430702036672,6.60796097084141,6.39946908567483,6.17642670088583,5.24815867257087,7.1267605280586,5.78903387976971,6.97084881078519
"Gene0482",4.06418710253854,5.952018884629,5.07854895238969,3.61429405790127,4.67630560117504,6.62472513069299,5.58137932147552,5.13771135170093,4.93910496257578,4.4473439305344,4.52371819952838,5.60667255559416,4.42360797811448,5.19124904861513,4.66604147630944,6.42426041196244,6.13044273753662,6.37524052674471,5.7323640494334,5.4391825246561,5.30779286176655,5.93686596024976,6.12787130394737,6.25865429670636
"Gene0483",7.49449241466547,7.0315153817681,8.35679904312865,7.33490357206632,7.66049989076728,6.73456942995891,6.26079536979941,7.68035942137065,7.80845943499199,6.82408664804371,7.15503251871094,6.32155805305108,7.04328010422839,7.26861863384219,7.94310308870282,7.08521299375555,7.27523719769056,6.91662884975128,6.65889934355691,7.66273928437901,7.18940510110224,8.16095859302489,5.26600083302274,7.17090022190456
"Gene0484",5.38893280127932,4.0196525603484,5.77025645959028,5.70409927325009,4.77134180936819,6.5786719690549,4.59324690314052,5.32693743908928,5.11839380745586,5.64735072110915,4.82499272925353,7.17553454227184,5.65149645987973,5.46610795898789,4.3131142726745,5.73550601226308,5.62872200264916,6.6417275119742,5.15007243726206,5.8186250793551,6.39353821969136,5.50889030772482,6.51536992288331,5.41804837582328
"Gene0485",10.1749262328315,10.37419354596,9.07835933627917,9.65865265932491,10.317242469784,10.0127634281564,10.0759306780839,8.98548824753885,9.95132336229344,9.08402836699807,10.109976891144,8.57938030882645,10.3576114205216,9.87459206490861,8.95685622541814,10.2180288438905,9.68094138342273,9.40267166874242,9.23232445836238,9.92412810285729,8.75180951762598,10.8682102598624,10.2104651309606,9.6203447517453
"Gene0486",9.55293662768137,9.23006064128783,8.95414410139481,9.24894437318495,9.05077719948036,8.79172338743222,9.047203087968,8.35860005806807,8.76531591024733,9.73358986438378,9.19905989768806,9.32689379400922,8.94171735121865,9.47867663454304,8.92061821847263,9.35843367449376,9.52281677781753,10.0480974663733,9.47509928001947,9.83616618428017,8.59838328219246,8.99869778841155,9.56518551418755,8.9557558118006
"Gene0487",7.09627555807434,6.88226056200601,5.83911672383283,6.46241959177372,7.05207626297382,6.09267997381104,6.53053535522862,6.12374727672088,6.05941724337036,5.69481955042697,7.43731154425166,7.0175359622016,6.82255670140044,5.46290469354844,6.48969365956945,7.38416345042024,5.78815821970936,5.96369052170108,6.41768743741723,5.87658474098818,6.27042208560223,6.39757071090423,6.15231756208181,6.81418677633424
"Gene0488",7.64060216875325,8.01508822068761,8.0496274028009,7.15310441691606,7.56072895182858,7.67565691416647,7.56937550573421,6.72125026825988,6.86906554277157,7.34776128154318,7.56316489200593,7.35600797966419,7.46986726855533,7.36087526716133,7.22304914764759,6.82346304249855,6.77831739037651,6.47783627174822,7.93918634043076,6.96526510179246,7.62384813607917,6.79592215594747,5.97864109267879,6.88839446794856
"Gene0489",8.39364798365236,8.49173551422488,7.44520948764853,7.82930652476136,7.83568658303366,7.02365289556198,5.55730837342253,8.12240882303221,6.66303398968173,7.6479366199938,8.28376347466751,7.25138067519307,7.46875454016574,7.25349905798343,7.37640704266969,7.6277749083193,7.24180357858041,6.65913909219045,6.60827254336854,7.60242451747246,7.8289959632417,7.47102193802876,6.53801978089217,7.73119478956553
"Gene0490",9.10366285394735,9.32375245658557,8.5051370588743,10.2867702675684,8.74539747093898,9.5687536214884,9.80433462739995,9.56631737458398,9.45141414165701,9.61026637362918,9.79315984185489,8.78672949085645,9.11618864123731,8.66012237417852,10.165230627369,9.8021839675687,8.97845835238502,9.657016881979,8.30878368777887,9.77517674139255,7.86875281858588,9.22890113655729,8.89122862512008,9.53724075949124
"Gene0491",7.32734938940558,7.22676076962811,6.52785057796906,5.92757528452617,7.92614376410529,6.64477555114287,6.70300643766379,5.72928785777025,6.35911426997306,8.65991368532089,5.11935252796156,5.09866226068557,7.48791174234276,6.74771267976082,5.08031597561481,5.87217149707734,6.02454604570269,3.81241495605073,6.64589477027876,5.97363965617549,6.85453042145431,6.33284949499029,6.48671517614746,6.44073797321008
"Gene0492",8.099308265994,7.38760289979888,7.81146906874983,6.85818117699792,7.97252610543392,7.59215158325892,7.29177106855049,7.77030246090999,6.30235102796671,6.76390065929683,7.81726379354935,6.73363742595067,9.34525855064963,7.24957693071676,7.91959313877464,7.19803904039329,6.25138808536427,6.76016620290197,6.47008682190663,7.47619287854124,7.23369436683352,6.93977702553411,6.37948044033106,8.11255335345812
"Gene0493",5.59300001342232,5.18994337848935,5.07945061242947,6.03158075571613,6.04708295602576,4.62145403952422,6.29882630921595,5.5168871482546,5.99055609159815,5.16293441456048,5.35304575228108,5.42089844669803,5.61446556090454,5.19535780528358,6.11707639115767,5.74444177682918,5.8461595703237,7.48996399239165,5.90704854570303,6.53059595646812,3.49061493969402,5.32857897381267,5.33591646616494,4.57240097777481
"Gene0494",6.06965880466809,5.70653537521894,5.61910102378626,5.13187046852197,4.89710038461579,4.33326556150753,5.13482631843638,5.71930779935547,5.56635835493482,5.71682409968089,5.39937596697695,4.95234024052859,5.72840111733042,5.76551994110909,5.72045145784697,5.01451943023086,5.14391089935109,5.1126558686908,5.36091961502027,5.95829851298714,5.12102105906172,6.10882169664132,5.79750236387346,4.9844629004702
"Gene0495",9.24027691480587,9.16538317045553,8.36160080625592,7.42741511214458,7.91516906915993,7.82803524665773,7.71373496529102,8.23833877415285,8.25296899030778,7.36539932771866,9.10365470113285,7.35512133668986,8.16050610407198,6.96394061503908,7.79366602529493,7.91861283353608,8.98397226552865,9.32707561498342,8.33684249509768,8.74489732462849,7.72184323936004,8.87412668662557,9.02330056226,8.57565174435115
"Gene0496",8.04199448160105,7.79594061296367,7.58725204642985,7.17235115936427,7.95103062456444,6.93240046354155,7.61023362809782,7.70446281431759,7.47290781914457,7.94291486166738,8.60208828313364,7.66575515147178,7.2927595091665,7.71259752726075,8.35605633244425,8.05827841720233,7.74255617156249,7.82241788217063,8.14221695935611,7.78450224216824,7.28773698456239,7.78663483638396,7.578367465685,7.98168261235
"Gene0497",9.33384501664154,9.48204948296098,8.61212763326209,9.54782247164504,9.17806524120816,8.34850553399918,8.83903238008229,10.3271515160966,8.41944984628361,8.67368474854599,8.37114913628494,10.1324303311302,8.17956873555591,8.46959399802159,9.62002515709811,7.9326689056763,8.55326039298833,7.74097718858584,9.10507482620667,8.85857430154546,7.6475624883679,9.04181960043004,8.99073484900443,9.05582827663021
"Gene0498",5.82154216370102,5.71349473683001,6.40028356351744,6.46979805903965,6.0963100521503,7.13471210744031,7.09867322311578,7.09961531712752,7.07404779238465,6.38775114217103,5.97591610822098,6.95075667314178,6.42201796049715,6.86052782894693,6.01658344519859,6.79557674803174,6.1343331043204,5.68292769794902,6.51151317914415,6.47894134260371,7.27381545871948,6.46396555584386,7.17719228354541,6.12913030385031
"Gene0499",7.55209951483377,7.78370745883472,8.05941909799166,7.80817086536347,7.44067989500637,7.81992679836757,7.36199158926971,7.69241146873157,7.48904239917059,8.07200934397344,8.12298442561497,7.42000094022571,7.31069627425124,7.52712826438236,7.83908860803957,8.06600712156635,6.97849191950206,8.53658218744044,7.02337058574271,7.12514525170952,7.5154191265988,7.52090401641611,7.82267713528351,8.11411861038464
"Gene0500",8.41521069091267,9.2502161256141,7.94195753760655,8.45541839376694,9.73724030337232,8.47957249906058,8.18626607023765,9.27139971334781,8.65793505181396,8.06910800439887,8.42730993999486,7.58339908171206,8.02135445077179,8.53475758357299,9.21974597014628,8.00109208442862,8.96006133316197,8.51226775558846,8.74001107212253,8.44527051313017,9.35603816905939,9.1668507314848,9.39265374980774,7.69172033737525
"Gene0501",7.44254103943378,7.50498575928367,8.67999361678132,7.66676873853345,8.04120731607752,7.21595231827482,7.57269228958586,8.09917642173188,8.93493923251552,9.33673138573342,8.38118258695563,8.99073491771281,8.56550165115078,7.73957654379443,8.76851753805168,8.64098629707841,7.32595766188677,7.61854950980637,8.52800943064046,8.2463938106357,8.37109919512182,7.976913622605,7.09990529341217,8.10692066813979
"Gene0502",6.00994295558937,6.75478169974512,6.23209685444322,6.29278950064499,6.75870473225281,6.84674313310151,7.58621731035927,6.50338765984713,5.0438556338736,6.97797295010695,7.42744539779394,5.95323666359796,6.40693719418749,6.79588796504982,6.89085104023117,6.3486159684625,5.7834822672679,6.42454340573191,6.42279097672197,6.98904769967701,6.4865713384054,7.06599374136093,6.72363474554721,6.40578826432969
"Gene0503",6.67280303346752,7.09131002501436,4.89254364607435,6.52523203880864,7.70718576409165,5.52264876981732,6.52993969897842,6.32995503827384,7.30536699692565,6.12537138488743,6.01346652580728,6.59266709444557,6.35159489492435,7.14981374574645,5.33252688970991,6.16512229573815,6.17305225874541,6.768552230378,6.8635002741984,7.04653027097837,6.33952001151586,6.64110890680974,6.52318517868989,6.91120048398186
"Gene0504",6.09913007466174,6.52898632029143,6.37913018093555,6.45692467824784,7.13486501936111,6.5279749517741,6.68693704842073,7.10093351124041,6.80570829387507,6.73508926683545,6.5823695734451,7.00441903471466,7.06518465990203,6.83646214809101,6.59516069855341,6.72079615424608,6.33783690123394,6.55653933054143,6.84399671423131,6.06606791537334,6.33497112847457,7.52616142111667,7.39519381617991,5.91553141521295
"Gene0505",5.84858565447895,5.47284012697264,6.61453122701129,6.83885247074667,6.30862967100891,6.15967222462778,5.18117281090593,7.4693855891102,6.62293711963786,8.06536372027199,7.76708436511938,6.52121893518521,6.9748415787815,7.58839725309302,5.5389546136815,6.87027659006552,6.16645596892045,6.62157963617874,5.28501439263915,6.74892948558772,5.35459503667651,5.90333467717187,5.31978878358371,6.14389119616714
"Gene0506",7.0114038190345,6.9209202372427,7.05839102638752,6.90828452880149,6.9792493243478,6.84616180710154,7.10957782933836,6.57149694785796,7.330020715729,6.78909199130793,7.3846488317306,6.82715206537292,6.43817140247443,6.40089918406358,7.06827961096098,7.00382020645261,6.74994065774474,6.7078842688994,7.7693934525864,7.25048784370274,7.75012439534361,6.88590571321969,7.16209262278748,6.27978273801625
"Gene0507",5.20117356568419,5.55073232701328,6.04787091293748,6.30602610985135,5.07728390431948,7.78333389711611,7.60958876811796,6.4108873305135,6.65964645241813,5.6707790030742,5.33973543799762,5.99051682460236,5.73431869688667,6.02579119684503,6.62951982798934,6.67883019651875,6.49860708176411,5.81775270196324,6.53578098951865,7.05346135725688,6.36695756930944,6.42022315896607,6.41418824314702,6.03678491172555
"Gene0508",7.13882971025599,8.86367684096363,8.5475910977393,6.86186219722698,8.15916395692791,8.12211639952844,9.14273262713438,8.32727272685612,6.87699731660389,8.18000712870759,7.59691358429181,7.97873338736846,9.63441419723227,7.65373508020247,7.72092474827299,8.76799179016979,8.17631128350239,8.93331652405177,8.09389621502889,8.34736491356272,8.78682357264099,7.30109808706529,7.74996652421389,9.65435353361767
"Gene0509",7.31532555589816,7.91166570987341,8.47420339029982,8.26853470055213,8.26961339799467,7.64076384240105,8.31869130978632,7.99587282272279,7.89176656142271,8.36627044979289,8.36573039716384,8.25591643803816,8.0741720851458,7.99287128834096,8.46765326211794,8.33974380371968,8.16557765099016,8.76696350305851,7.93459827186693,7.09984073735978,7.27460770218304,8.14647620584905,7.2166864767718,7.86716554155668
"Gene0510",7.22959031720075,5.68589805841582,7.17801365395243,7.01729851953609,6.13117856269081,6.77963101531589,6.13902658761819,7.61067701680668,7.69339108076516,7.79714159981257,7.28926794483417,6.81226948733429,7.52023729107216,7.51077938951094,7.15506931268718,6.85507729731041,6.80054990432574,7.98862853398873,7.80257628181822,6.1466477987019,7.82857162452605,7.81502089733874,8.26237469895362,7.7210236797602
"Gene0511",5.06123927699808,5.48652820371046,6.03374033632483,5.98932142669549,5.41196382648786,7.50068689265412,6.05862459843355,5.84678922180533,5.32519718465125,5.64264258762875,5.60073671082961,5.0788072859435,6.73007941386543,5.70125681573488,5.83855454173517,5.06187497292995,5.96510121420591,5.83379667159011,5.2243190983415,5.14859396371205,5.64341890294282,5.54974990761415,5.94368853889333,6.03142582224355
"Gene0512",4.79315704122294,5.91007483693762,5.77984166648768,4.45685407431992,4.73906373635173,5.30570910754585,4.78077895927067,4.62625040598948,5.45237966127477,5.71520126875893,4.48575314019309,5.06663922805195,4.70163188840501,4.81402988773406,5.50601209128134,4.56791731229761,4.74857009645277,5.29166539150932,4.7331476468784,3.95329348515977,5.12151872085135,5.20584956338077,3.84573181968385,5.1105785717905
"Gene0513",9.6784482665094,9.01002270386027,9.74944931143483,10.3384368330496,9.49697695100114,10.1365346796438,10.9357411097366,8.67542897541866,9.04672263159102,9.20224610797696,9.0974071470084,9.65816839062305,9.36740819652509,8.65736354246035,9.06465644965703,9.77661724500782,10.0334670233308,9.00801112626598,8.94777101267987,9.14105335335291,10.2010796552358,8.87072946307793,9.94798262296082,9.12892709416506
"Gene0514",9.09307669733042,7.58079144548113,8.46773024851471,8.14301075125221,7.84940587698936,8.52552789643796,7.87995908645811,8.36903930210339,9.34383380099115,8.31609809055569,9.28821368443824,8.52504308718624,7.883291171491,8.39993581099537,8.39086230358837,9.01130138217045,7.32561287047455,8.16381439447604,8.81296443769522,8.11653685407913,9.0414045781388,8.95102626574013,7.69433461163942,9.37847475061726
"Gene0515",10.6695221615448,9.45350123416461,9.12154165743572,9.46604087198363,10.542100221828,9.24043601417001,8.22306465772274,9.88342125533888,10.0541514964948,9.99589648850151,9.62516770423532,10.4559564544995,9.81871183408065,10.4327580925742,9.18672176821829,10.8175957602789,10.2272694755292,11.1910733408607,10.3445790490706,8.69907277645221,9.21620653571051,10.3569950800495,9.69590982361107,10.9191797632527
"Gene0516",7.74748719295179,7.71287483919225,6.69038713353228,8.80511137680553,7.67363877400044,8.26605146907325,7.78312415807297,8.47769761641598,8.05921470519858,8.49096557018084,8.29413452349955,7.66144591397555,7.84367341748342,8.70822403849059,7.82258649476024,8.61201170854468,7.11867631091602,7.46919587298289,7.97060627432855,7.25605326258232,8.05667109503144,8.10343129161053,7.47930564821682,7.84714780701471
"Gene0517",5.77432494844664,5.30269327827031,5.59557266347832,5.30993799740146,4.59699304966928,5.99225137083457,5.98809037868969,5.5492643881165,5.1801606290258,6.46819719462617,4.70419854346131,6.83998055900142,5.76097079800226,5.48252755725108,5.54834516745655,5.80652714518546,4.94500374796515,5.89659585287536,5.35218367996131,6.45217901226652,5.0572406228661,4.49456826781418,5.09417417174581,6.81402333083574
"Gene0518",8.00376429490132,7.67111266743273,9.19930604290602,9.91650923066223,7.53891304354227,6.93484261015773,9.67836382610023,8.98799037751603,8.34069238202511,8.40421771653675,8.60375925763273,8.6638367775665,8.47842857524352,8.76407122547741,8.02991826483482,9.30620416065612,8.76220446439236,8.51738496483776,7.24843011373378,9.28735933670699,7.68058502660095,7.23990186379233,8.08641973574884,8.67422302228191
"Gene0519",5.89846731895016,6.20598685098433,4.92244195366319,5.51937671310872,5.5411956902878,5.05026269942544,4.84477620637326,4.88371383943827,5.81542226739927,5.1945458129273,5.5817066819275,4.89482400196998,6.3561572190627,4.98490532395496,4.74095878255914,5.219607884845,5.11737504972727,5.13573978637938,5.26715398926664,5.27792860048312,4.94637027842252,4.61915213780123,5.08973628472154,5.22941006396019
"Gene0520",7.30378230439545,8.29331380798702,7.43199782979204,6.29587746959639,7.6947095291558,6.75394066803773,6.50156895807708,6.72304390538494,7.03455628223288,6.68738583378735,6.9228657259391,6.8538822065585,6.86219003779263,6.89656628614094,7.1061430133014,6.18071045290107,7.49910573556825,7.7662556866245,6.61839678650046,6.99161553855893,6.50492298200243,6.28314442648297,6.70491102941198,6.77790196480159
"Gene0521",4.95191985190888,4.85956750576523,4.56049524840737,4.47313362970728,5.23780291822325,5.32506387445747,4.99346802535438,4.84964951790199,5.45660185935718,4.89876904883464,4.12140057898481,4.74540029660694,5.482524306187,5.2460646366364,4.92759529229136,5.48970544592373,5.12426194846927,4.6675383417755,5.57924967502193,5.14067867196899,4.57578645971472,5.19119166436134,4.31440219882688,5.19431539267333
"Gene0522",9.74460740578403,9.23927344770889,9.03487503296303,8.32851257389752,9.33803608433232,8.89998326139977,9.79636131435072,8.20850407799616,9.40890079124496,10.1698223517176,9.24990100178572,9.9459670791273,9.74585983645933,8.28707014267444,9.0323616794168,8.55688508901604,8.81889857281538,9.31424060107087,9.86661199514948,8.69916569899297,8.36515877254065,9.16454013686302,9.35385886772243,8.51116761467005
"Gene0523",6.68312451471164,6.88588006503333,7.04783870539262,6.56448398173322,8.01111998064847,7.64476736963436,8.29884349589942,7.40308855177235,6.8398814558145,5.81855668442085,7.05500781229841,7.22563745610518,6.77819992435525,7.63260787886049,6.74647533047025,7.01506638338809,6.58756814922218,6.27459667980302,6.25075500851174,5.95464718273081,5.46778274572536,6.70788022076969,4.82252503459536,6.26053224040104
"Gene0524",8.4576862845254,7.47729716224969,8.59027669876046,7.20230212534963,8.09217407611542,7.26333471732493,8.80475725667617,7.85271527987902,7.16995248702853,8.66918886342375,7.99131310130614,7.95058053747333,6.77400050914468,6.94246911328249,8.37157411186446,8.79565760381843,7.78808617908035,8.52748401300762,6.52399459930834,8.68434027017414,8.07127264339945,7.94659954536938,7.54596030515615,7.62689982923431
"Gene0525",9.74015220525925,10.1606546700586,8.34996081228279,8.94460644703512,9.36492013246876,7.25719681045746,8.26194592209153,9.26394296719123,9.34747648143221,9.9028921338391,7.17835753199982,9.00661347027031,9.37511691562829,9.39260878291726,8.67334469900035,9.32782571401972,8.93150257573363,9.6325364144456,10.063421815265,8.99122942256655,8.90324334974567,8.75829193342751,9.14412824594224,8.87367927920461
"Gene0526",8.89091531394381,8.85975303564293,9.63269466173329,10.0259927442115,9.9693431498609,9.06481989401678,10.2897167246528,9.63461526026523,9.36458284340508,9.40495348183007,8.15542421731931,10.1249237987116,9.90349272009166,9.01698290469254,10.2741276546604,9.1585247117999,8.26908697061025,8.52709453959224,9.84209050530323,8.89628328448205,8.76548789844986,9.94207975093547,8.02695361469575,9.62563410322376
"Gene0527",10.0760670783612,8.97086284420038,10.0687366424816,10.3113314100353,10.3933622356342,9.60517108664146,10.245032315265,9.33567244602373,9.3528111517356,9.8952428909823,10.6271416334764,9.94181915234361,10.9821299168346,10.4009943216724,10.565272601945,10.3263966219751,8.74681321296828,9.56984356996702,9.5119061393046,9.37092376297412,9.31767960883039,9.65533252447702,9.31697081926481,10.2841336438233
"Gene0528",6.34053895556928,6.89067808731118,6.64086498348194,6.78056798350333,6.76009648659625,6.43014133421503,6.38630822633807,7.02497438113815,6.43939954447769,6.88685138726,6.46017248031273,6.82207677187031,6.82675428720293,6.39955832108435,6.81114215173031,7.19983192785424,6.77346136390262,6.30956255048629,6.87480262204858,7.0719600198082,5.9660534243723,7.51315836207685,6.95217709178519,7.17950760480226
"Gene0529",8.90569645796464,7.7942888996523,8.48377766159851,8.63851168764321,7.1550913680333,8.0495863996038,9.02684974446478,8.61456478908309,5.57340973737986,7.94788616637133,9.2967104154081,8.26730643073158,9.39946745782125,9.05749389904201,8.82152415157413,7.9490165521331,7.36029943983619,7.52733776401137,7.87411069093528,8.08895542466568,9.10726467747651,8.4688484718722,8.1935062457786,8.32858169365283
"Gene0530",8.04944881860096,7.36800231161716,8.67760803308819,8.47728177349028,7.54933939428809,8.85362371572193,8.58134796097896,9.36460805162731,8.50133290913822,9.15412874198709,8.83249091040512,9.19566610261239,7.71970399288486,7.76271425774151,7.65596915391162,8.02956879318031,8.14467784877482,8.08180715875835,8.97080406805236,8.71169572290151,8.35369297936514,9.08789811180367,9.34358445357012,8.60034060941202
"Gene0531",9.10556361757211,9.56293119538564,9.26509998994089,9.48137822949543,9.54497026544876,8.67557496950988,9.29208614189693,9.87702780549651,9.16290875758477,9.07107490647242,9.76677339073147,8.97903187126444,9.42396833312881,9.4730964815549,9.76124490832117,9.43626455981305,9.06828941436849,9.80314544936848,9.08942574989329,9.73510798883262,8.96933712304903,9.75316021415259,8.96742604193872,8.54335338495946
"Gene0532",9.05369978264762,8.84262449824439,9.09041921511093,10.6079022527031,8.56738374296922,10.3697443699023,8.8879260363463,10.1598094049417,9.05367259766577,8.98814430998017,9.68558673032953,8.80672800125971,9.58149629642605,9.45620275186111,9.16933671944142,9.45706533373247,9.69700070805919,9.16406014629679,8.93512193286764,9.92076368166807,8.55088982446103,9.73297141327856,9.07906430113997,8.72430422574601
"Gene0533",7.56703510178579,6.44545314048464,7.53675946760971,7.7547337837224,8.04726835836993,7.66512960952114,7.06689870188668,7.09469191230025,7.64215084561247,7.79693724747562,7.31374717941848,7.55011146950981,8.43988640767198,6.88805966332946,5.68519744695784,7.92237910708386,7.67695970848736,7.18314702086723,7.46147571807871,8.22472714581611,6.00178188247289,6.90123077253478,7.73043360401805,6.62822842990268
"Gene0534",9.10432411902036,8.24982289916635,8.2488106503621,8.99851465429144,9.09283848003711,9.20556720665454,9.21334179622131,9.12557574328873,8.50800904250027,8.84691725799769,8.35274131309469,8.93928470772011,9.25621787940732,8.82209989761605,8.50849831444914,8.98191969493091,7.73783349585542,8.14019416532988,8.54683379372953,8.69828450262611,9.86343237877309,7.56501884448531,8.3266336649377,8.27968238722
"Gene0535",8.32868556286525,7.91408319987315,8.29092758030649,9.4203805908493,7.67618216903831,8.34516757415112,8.98986006690292,7.80504702792939,7.50125627704776,8.39340356478167,8.77603682567056,8.64453121972555,8.49619212033269,8.69077737020718,8.18608839118414,8.48386064709715,7.870725466519,7.69347246946874,8.52916685844137,7.75834071392157,9.0274526797401,8.75410403745133,8.59215484256538,8.61127565002736
"Gene0536",8.32412169145181,9.01178790366139,7.15286642549786,7.1413117318892,6.79627323860305,7.52896226711526,7.64933621298655,8.52190001546403,7.1975319327187,8.65886671360053,7.39451248963324,7.83387659765916,7.04321064197022,8.61172592398787,7.86281683081511,9.22372529701271,8.50818846618328,8.50660683762025,8.14492920368232,7.75547867631846,7.97456322776204,7.92190346994784,7.15302433419981,8.73761134845178
"Gene0537",6.68935330085981,7.06300469969899,7.71227809166601,7.55518076203927,6.86534298465478,7.5772541948459,7.3497828584037,6.54466350121514,8.24495372638028,7.76075572207067,8.19243399603321,7.88564481063404,7.81755826573072,6.40475408190465,6.7523918936815,7.19177595228066,8.55036794321702,5.74074096881383,6.13301289040579,7.25626009108226,7.8738274042837,7.29797256475837,7.16496683167225,6.8342535763686
"Gene0538",10.8963667254387,10.4869170263426,9.90284303690645,10.2178471568847,9.52327807205924,10.1335951136557,10.920480207675,10.70256321926,9.36021845931494,9.62588501330016,9.71680062507057,9.94885303869157,9.76240954579576,9.61035967535473,10.1713868720471,9.79766902926019,10.4747161776782,10.322600033892,9.51297136829982,9.49196849256605,9.25596160607705,9.43936616540423,10.1087088015335,10.2759947381722
"Gene0539",7.54576129559769,7.69915567385424,5.97425524489935,6.84407431678032,7.41334126994048,7.4827369756997,6.48107637388103,7.43691432007572,6.89336245502692,5.99939208337261,7.01711301707741,7.21484857651889,6.68550516129207,6.13941293517161,6.90608654375038,7.19914020879862,6.88402963787368,7.22893111529522,8.32439872550139,6.58869418332678,6.59915329182563,7.31023441033086,5.60930009423981,7.27476083540666
"Gene0540",7.29366165053625,7.62942560694193,7.41482570946103,5.83375820501297,7.69957912758624,7.02310388397716,6.10723972671111,6.87500544909681,7.20558285274784,9.02497458441194,7.32579666511211,6.19035956547821,7.91716369714007,8.28622204410256,6.32975772900715,6.36097361506291,5.92407575306222,7.84983797486316,7.73881471955599,7.91703707717317,7.68880665963294,8.06086266580538,6.51117871973328,6.94295417198541
"Gene0541",6.25365158569641,8.1482182931742,9.95321906757825,10.3227267169456,7.98720196393637,10.5672920010999,8.23637200433883,8.46076004021467,10.3605181535044,9.44988349184905,9.20724019790479,9.77580415384427,8.23608893628207,8.67624913648664,8.01835184867017,7.30156957366614,8.63827639408301,8.10230399179549,7.96196027724259,9.42751817342057,9.67524614720374,9.81363960901425,8.97390283215958,9.05487453288054
"Gene0542",10.0407975724252,9.10624410263532,9.62772788717701,9.69136989330196,10.2127333364028,9.27426170284568,10.4064604078624,8.87218858245996,9.64749016190813,10.1471332897632,10.3074701668632,9.47310579257064,9.87887253577447,9.83451405254576,9.5132632459447,9.40598475241994,9.13555259600479,9.55773215931986,9.05382266535083,9.95800379430715,10.3939515288207,9.27694819851819,10.4247358670762,10.3682968049423
"Gene0543",5.92924853959324,5.98334172610798,5.72620773817482,6.31967020139646,4.99572135280777,5.37242476199341,5.88555499346102,5.50089559700677,6.58235222872986,6.71444075027821,4.7928678191204,6.2575209533847,3.94783807183943,5.23054840203995,6.19310958505836,5.74656353495779,5.22471764344055,5.03404033854921,5.25380197266226,6.6582409447826,5.72103780022135,5.98822715953889,5.13320565212998,6.06266833328281
"Gene0544",8.82297887548175,9.03161029157686,9.1210050384126,8.40437547327794,9.13218989833146,8.4015830179202,8.17060822432972,8.55098801029148,8.82424353668332,8.39863464605798,8.28444236257781,8.87174782142017,8.07181828917781,8.13837343311344,8.56035745764107,8.90663767416092,8.00449445282664,8.73309706566948,8.66612760412026,9.03858350568387,8.15191237219499,8.9036072217899,8.62186741654129,8.9746275351838
"Gene0545",8.5271812705179,8.4790866878141,10.3113504736862,9.65812843859061,8.85612239801512,10.4527880869572,9.91327104518304,9.23684346440457,8.70888809118398,8.90315337517981,8.8593460130665,8.93096416375745,8.94427440997494,10.7610531492709,10.1706734553986,9.62936896155334,10.3331992047631,10.0988136300513,10.1850174138581,10.4124633219032,10.0693330738993,9.01995183498103,9.82037155399651,10.5176413126619
"Gene0546",7.71254734097268,7.37784789389542,6.89665811464566,6.91422711206852,7.06470136525535,6.67190989268012,7.25965095418099,6.34370412911726,7.30562366010071,7.9937781834533,7.09863216220049,6.92055459339501,7.62259083297814,7.48885124628004,7.03154960158647,7.36148854146168,7.2074344979898,7.1651690770095,6.76578228960958,6.95558573686939,6.10623416307752,7.27105747674541,7.01287398531808,6.12838400047564
"Gene0547",7.34389720833647,7.43867479146737,9.38404048882247,7.89302358650289,7.52271424879804,8.92244759772274,9.27113483326321,8.80960269835599,8.06909053438897,9.10699420311907,8.46459548132484,7.61319157167273,7.83775542862845,7.40820554807901,7.90144373709644,8.80982714610655,8.3439963856341,7.95593074280294,8.76798461583661,7.23362944439529,7.92426622446312,7.78174591900403,8.99530884116423,6.64592491713811
"Gene0548",5.19219212405511,6.01776298814946,5.33580597911792,6.13843202585875,6.03384894258631,6.49628442303666,6.25475473445548,6.68548119725978,6.60711263468154,5.36878575695209,6.34656566198996,4.96159772919161,6.48257725838201,6.09799876430132,5.1844605900901,6.2072934217914,6.54787567457864,5.57002612900875,6.77455670383039,5.76148713777453,5.46724047322926,6.6656277673867,5.64346079500458,6.5134797393531
"Gene0549",10.7004621223445,10.7377851638944,9.40133639616656,10.1380401527654,10.1289437273684,9.6818910259724,9.60201150612341,9.60464115224881,9.36899423913318,8.99872334697387,8.67240870045951,9.74763254138364,9.26042929508213,9.41508945572098,8.41126380917395,10.6434340083151,9.50674980042722,10.5664507187588,10.376450608069,9.38300940024862,9.45096866540814,9.66191423288318,9.19837493313961,9.5992443477355
"Gene0550",7.55197545187919,7.25152535245176,8.11229009043889,8.85142137459642,7.44748651015997,9.06306587679406,8.41727280810512,9.99205131223739,7.9254620811282,7.70891329650205,8.08195093017338,8.89627921301233,8.15904939321753,7.99827512918113,9.83759197607811,10.0386818036185,9.7912762621729,8.35959824034401,8.26305035353156,8.86648734606424,8.76351341581398,9.98745966973746,9.47036778045269,7.71363609252236
"Gene0551",7.41675244483203,7.42056991698316,7.26307129286846,6.85954821585866,7.56029146872159,7.63509633143575,7.80852931019765,6.86688285883312,7.77712875847662,7.18084132730764,7.41310883902715,7.4815268613573,6.76655974774776,7.72050048718034,7.14098770958003,7.2107374057543,7.11551428005216,7.7070143286519,7.26491263848733,7.968384162919,7.16977814651996,7.33304253591122,7.492848877498,7.39778573547679
"Gene0552",8.33136242396096,8.30953881455063,8.14905942649623,7.68503413289865,8.35414503864172,7.35733252142346,8.23370559712052,7.89768097732959,7.79557143906582,8.16108079666217,8.36215032216469,8.03069994811496,7.54592569992606,8.00485206892251,7.95894290443054,8.99488880373386,8.33275208009877,8.20976505474287,7.58923665428956,7.6600235648907,8.58238330457091,7.83204332150489,7.94429850864222,8.65616024962358
"Gene0553",6.75076271502287,7.44099161024787,7.33438300543288,6.91133893854377,6.34428247097418,8.31456793918817,8.22934198782359,7.89858173730584,8.07056159866957,5.02995725547593,7.49949561473623,7.21588195545115,7.85693477599231,7.38545987305622,6.57205835134558,7.50088086440173,7.2185394917178,6.78112702754635,5.6320452222948,6.90172478281571,6.79722152959978,7.75959887388138,7.64920149600947,5.85965838212169
"Gene0554",9.26048503283156,9.05036635514189,8.63671048236488,8.44542628655443,9.83942682292704,6.89706723775231,7.73805863766495,8.15300708709865,8.59165097201232,7.40570473992926,6.62371374010792,7.92339943105572,7.62113980019293,7.73777898806426,8.7767487910435,9.09697201346029,6.80976987382875,7.64245281886107,8.48520084726412,8.09699884458135,7.53995719278076,8.41470745873201,8.70155340834847,8.58449674754561
"Gene0555",8.36719707953085,8.79328830814787,7.7682331287947,7.68607984546512,9.50630611486712,7.3611978747862,8.94345287946727,8.18242199646395,7.71100536996141,6.55200554884984,8.1397073539351,9.05577885077041,6.87484747181307,8.12171424322948,9.59533024632112,9.79050616161073,7.27345560935095,9.00470085136457,7.30187119253694,8.20900120985851,9.08892785036813,8.00034044452324,7.42213659587218,8.85342085502185
"Gene0556",8.16654863163692,8.86018562165599,8.1863358995298,8.1045523486383,8.723585438669,7.50365960635004,8.26765291328153,8.12706762837488,8.3692813207955,8.24294696652423,7.47538453220478,7.31478425833003,8.93556751552923,8.81789695190739,8.93066593838749,8.21838910511264,8.26894494989888,8.98220322454942,7.77630203652596,9.63409905773273,6.37928647749229,8.40704408172534,8.06270458108169,8.33055447537999
"Gene0557",10.0555858843112,10.896010607652,9.78765387022382,9.51443952260222,8.41543638761348,10.3473381415105,9.44361516418556,9.18886493418488,9.09694274901483,9.79471821982063,9.78016525303314,8.59275945867934,9.58943804548274,8.62040719179767,9.54362719947628,10.5525457186433,8.81813496149074,9.672515654855,9.03062578602983,9.52929109728362,9.91101526619108,10.2947123182105,10.1528489927552,9.48048940279317
"Gene0558",9.21576095803327,7.79509487093361,9.60601296146963,9.86170566656992,8.21193880876451,9.60846826708699,9.70409060880684,9.58659516626589,7.19566676268634,10.2289701191403,9.32772786716764,9.89537164517053,9.75433709851671,8.06137484883384,8.54872425250347,9.66612986944439,8.65066929147236,8.86865975843498,8.9388791791899,10.9801155495044,9.30862103111831,8.77600406760631,8.27423193253735,9.763863485609
"Gene0559",10.2144271200559,10.1447569519583,10.2276881430051,8.76930920151982,10.0392960806081,8.78500614426202,9.27872123613852,9.81673485261795,10.0624672053034,9.41198622753695,8.97563289531594,9.47411250266138,10.2423144867224,9.66576086264883,9.40421197514399,9.07868089278413,9.8216893903559,10.2158192510256,9.79940172834809,9.55755785465287,9.46315238132234,9.60335331999573,9.15893664193675,9.36067139750496
"Gene0560",7.83000747814212,8.01454507375256,8.62167342086424,8.5385186455716,7.16537412930721,7.24190203607097,7.16910406318835,7.75975722946235,7.10089312965496,8.5637862699794,7.13609676429768,7.08561760830007,6.71249714436842,8.26631033843461,7.57122366310055,7.78662417857627,6.30580676823641,7.43684184626882,8.23771507980372,7.18116537868857,8.5552248072302,8.9544262839784,7.49615264255777,8.23598461221482
"Gene0561",7.48426085728576,8.01963683651175,9.65424427498437,6.65386495538212,7.9902478448492,7.97826123004931,6.24532257880362,7.22005276994157,7.42202632824558,8.30747465892476,6.16895851393044,9.74063048077862,6.82865041700995,6.30596132138102,6.86985876902528,7.8933461473169,7.18500107131314,7.95557054436439,8.35431373363897,7.30197307260645,7.67652908973804,7.39677667138676,6.92277852526926,6.16125665335531
"Gene0562",6.58854507232088,7.81281194144288,8.42513465553425,7.21458867470334,8.20426596594256,6.67941763103988,7.1057506120346,6.58428007344826,7.25706039049495,8.02557519023222,6.20154817126279,6.78054540424995,6.11753645645265,6.22738179729304,7.23843639492129,5.53883562522287,7.83281190122517,7.79820073715425,6.89010693292139,7.71446977341387,6.96529553533799,8.03222132692148,6.67297023346127,6.65459311662564
"Gene0563",5.65900826973142,5.81817915816304,6.14586531952361,6.57214890507834,5.74609031432673,6.28573815748339,7.2496800578814,6.32500077702605,5.38591246088561,6.31648357321815,5.77662182601696,6.44253661322221,6.05516098962938,6.82403753331729,6.2368486252796,6.57346324882921,5.87919663928185,6.2639701224017,6.59318549626741,5.77365836321486,6.17169071180973,5.9116173767407,5.73512450243944,6.01373961836523
"Gene0564",6.28224922378034,5.91987928792243,5.42213816431492,6.14910931759791,6.39438393744582,5.85916704966952,6.97205668511463,8.15995381421631,5.09548179967289,6.73295825714579,5.58345574446786,5.87432453320858,5.77240171075656,6.26977341613692,6.95255216864975,5.83978120270904,6.54537122086118,6.72012458058672,6.56983409941235,5.78111719570409,5.70817830487748,5.68278838736231,5.39543544174927,6.18355972499155
"Gene0565",8.6265798042336,7.95556864272356,7.8198056543433,8.47627113799986,8.41437162453957,8.57354791388634,7.61390407410985,8.22386410852969,8.16515803846458,7.92931521248497,8.04345325705549,7.77013039242179,7.02708474095933,7.85468931021894,8.17342722986429,8.76787692779172,7.8392892708811,7.47876218331388,7.8275336776659,7.79904844282773,7.25567614354009,8.18391496674624,8.91916242986509,8.33143093504078
"Gene0566",5.95354148541747,6.49323252870593,5.8289710779693,6.36046548940401,6.90383028886833,6.50461702968424,6.43249194339228,6.42344388477018,5.98287826848854,6.61645216997283,5.98496371589428,6.9568182348935,6.64276606665542,5.99518938374534,6.20631577788185,6.17911156793417,6.62812732922034,6.52556141640061,6.94127213481509,6.45378099452005,6.42447154227797,6.62544296251678,6.84616852146396,6.52740573568767
"Gene0567",7.76595189407332,8.21894788573229,8.57904301234517,7.27830555777873,7.89621271707262,7.69314039096683,7.88729174566817,8.14812370726019,7.98743805948374,7.89494610806022,7.99042332307884,8.43013392801067,7.92042560067246,7.7044780267932,8.14143100426639,7.75348521540236,7.56675423346775,7.2897068650736,7.5020431131828,8.03301798278523,7.79726465500822,7.48610064627076,8.79772248369168,7.87869784415496
"Gene0568",4.77784451908327,6.25420531284341,4.55609841974517,5.94631136775382,5.90649649001425,5.43246326439502,4.93309144830483,5.35029230147216,5.06951818289351,5.4531019201696,5.00637982249656,5.06388999555319,4.46395614725461,5.50747677861678,5.41292080080435,4.5640972112952,5.75153975390008,5.08495059357059,3.81724519370652,5.31844721378414,4.79895170807664,5.14829222769542,4.61119197295876,5.97591262135891
"Gene0569",6.10925777287748,5.53113773020337,6.55255488674444,6.50218347613314,4.92962623030524,7.10539113976334,7.15203278323159,6.20169077504246,6.53071219232205,6.80664463150146,6.18829998193151,6.04571081908089,5.61602343037337,5.92958970497831,5.44074642550375,6.08824362219288,5.68511870621087,5.65693081718866,6.01298882370187,6.94841297131442,6.45129622456849,6.33370499107875,6.97391570820546,6.67558573768228
"Gene0570",5.07484287129022,6.46323492104129,5.92823526306875,4.57460889369783,6.55288470679955,7.34931814467395,6.8923686239416,6.66824221341423,6.04663790985921,5.25791393629434,5.51231856855674,6.41670158629941,5.20132954836757,6.30345515313249,5.91881173476993,5.45323523689036,6.77191850406294,5.59416875056074,5.64263185897532,6.03710767028457,6.87410001157441,5.57435021915271,5.56144987326029,5.09820291820496
"Gene0571",9.65118507826262,9.35914877951667,9.212817875805,8.82817657020348,8.82525427328383,8.39795235427006,8.84846953026499,9.37918759072878,9.5401619904846,8.93465530633221,8.61816435575794,9.45696159307423,9.96859300485663,8.75801450743874,9.14093922557539,9.11283552812518,8.42045217708976,8.52087364059114,9.32879381911477,9.56071542189977,9.59301362095389,8.74746238614606,9.34877035850467,9.08707091885884
"Gene0572",7.80151732855319,7.68564484138922,7.16659856196686,7.01277144503622,6.79481041332738,7.90847543595734,6.74993686488734,6.3230465620809,6.64902022303027,6.81644856839643,7.61393348584239,6.94538372069578,7.32977458872782,6.80275929908875,6.68571925133819,6.53338583150993,7.21209706666553,6.33119648999197,6.33390561303817,7.88136495918736,7.40206889203469,7.21176617179129,6.02978866726999,7.91920490190854
"Gene0573",8.45593860590482,8.46252680256129,8.90550814497566,8.92824217322673,8.7780382566402,8.92545010452279,8.46572082962836,7.6438930020713,7.71969779322628,8.71337465924378,7.96433562128436,9.84527989083851,8.3634202029587,8.71872181078515,8.76885623318419,8.27965842464588,8.06456289609551,8.74661342519892,8.9661199259603,8.41343535901009,9.06622651779194,8.27742104992412,9.15274176662469,8.68952640940484
"Gene0574",5.62736638162877,5.58245963118272,5.76316899410705,5.05366504599401,5.7445720950369,5.35639626442649,5.35159016732651,5.74051798884598,3.79115695556374,5.42741720006895,5.84846363868105,6.02084388873274,5.17088865320351,5.43724066204106,4.34740462753847,6.08226546510623,4.33829373206878,5.08870594832787,4.20835193848537,6.01472302351298,4.04390999074438,5.17638493465247,4.32124556707519,4.71138089520982
"Gene0575",4.69023852876025,5.9351558098683,5.36060271500462,5.38114447172497,4.90659739490199,5.79157912831757,6.00449445070632,6.3920957200764,4.88900297718367,5.6118712474511,5.57498518614991,6.76169599670224,5.18175858312323,5.54765290441906,5.98469049746074,6.77874300052164,5.97731854210277,4.69965224465923,4.8596089796241,5.43065675500008,5.37075663418804,5.84978050830737,4.45697235858831,5.64007379268432
"Gene0576",7.77987909122725,8.5500122356048,7.03316217087886,7.58359173863389,7.29921025068713,7.39723651752294,6.49812404936754,7.25577723920071,7.96687925753281,6.85247310580735,8.00054015742083,8.44120808039117,7.01502128376115,7.20286086168388,7.91073958826362,7.06464616163534,7.47997029853896,7.33102840594333,8.00570776902543,8.25971861666214,8.2971577319456,7.17309355382706,6.74751379521591,7.71769229904638
"Gene0577",8.60565668695751,9.02763639060205,8.95827353275208,8.8894878972167,8.3525174936784,9.60587144731345,8.73952869265007,8.23069332856334,8.24441618366096,7.7996905552838,9.09996126302415,9.55535143492066,8.9094342169327,8.77174810142979,8.25776227677809,9.05033296503595,8.88411679256375,8.57797763156331,8.35221491115583,8.24880035546722,7.50879631745157,8.44442410848406,9.51373211394421,9.20416752953502
"Gene0578",7.88029705480282,8.67757635845745,9.04660512449964,7.76062183622828,10.1969489208479,8.8980304339256,8.77246253114627,8.31208417651941,9.04917196923979,8.8519976520994,8.70131717308566,9.33906431144015,9.3411993516107,8.95697632335309,7.63466931604007,8.67485151739175,9.07897738680204,9.18005911123018,9.52629128602268,9.6323295497294,8.91512710560158,9.16788405726371,8.89435366774982,8.62203859718997
"Gene0579",5.72833444365162,7.08119182051647,6.29034227189993,8.24765228341665,6.2244019163485,7.093080797038,6.09425661534285,6.41629962977967,6.81682953998318,6.91578219108214,6.32972011252691,7.9356862119482,5.37220196317002,7.78666183552089,6.71860729128344,6.74066411670115,8.19368455832129,7.1472087308995,7.09943247690007,5.88890746816102,6.77841141765167,6.08716235507485,6.92183969351991,6.17303728268206
"Gene0580",7.60899766255633,9.30685016916986,7.5952637483156,8.54896586461664,8.74638870390582,7.66829430421039,7.69080581956428,7.99486713797522,8.69219316382919,8.9699279536701,8.13189029837109,10.7921881373222,8.62187123408378,8.87890299313324,7.88378742836275,9.80036418851636,8.04793078157316,8.48638601128051,9.05466971688084,8.8594989532531,8.89612988009304,8.42659000383564,8.261746139794,9.60986176802332
"Gene0581",5.82222157724439,7.32534998341809,6.03208028395166,3.73394735663445,5.43354041282159,4.46839448812521,4.99458419043936,6.16164962153728,5.61373895805213,4.37011353679998,5.16142617601422,4.56385256821342,6.41835795185372,3.75693943350517,4.61720017123699,5.75828427079156,5.30511308815295,5.15500326488483,5.787648735353,4.74373060738198,2.86592489480118,5.93321715281843,5.37634241185083,4.33082114911572
"Gene0582",7.44627390106194,7.39689539536064,6.73354028943769,5.94947844436378,7.52184667591128,7.61442707542652,7.09501513968616,8.15763274745361,7.35543103425846,7.17409643714085,5.92873578649851,7.44645372390969,7.40680909042513,6.03322372112026,6.78266207040717,7.61388705656201,7.09771378030161,7.82292356625896,7.06982587563078,7.14526644861861,6.36372849320727,6.87212373460548,6.47199615165038,7.15092626211931
"Gene0583",10.4768731544071,8.67330060622493,8.73917351395592,9.13108639582071,9.44312686994449,7.66293814146797,9.20318502668276,8.61372532689222,8.07132408303068,8.78016163340405,9.01103194887131,8.33528685072969,9.76658646056521,9.4469231342964,8.07660089093256,9.18469770145546,8.14375763640292,9.09134867954874,10.0362961452265,8.33193362642565,7.96245825415811,8.58198396913597,10.1388558313326,8.39573152278734
"Gene0584",6.65333776264708,7.04086376615408,7.53766791801027,7.02048203024638,6.87233133704895,7.04595121332966,7.3169331731161,7.29554999688004,6.90744484559183,6.50719011615933,6.84861317133302,6.90312324410557,7.13234645566035,7.0396976279227,7.13915060089618,6.3617358714419,7.18198308890026,6.46928982545609,7.24124150892496,6.12917722326463,6.82279389456493,6.79575300107335,7.49835713362726,7.63886382676516
"Gene0585",7.26290946641174,6.7745587832537,8.3678620803854,9.45324867603903,6.18343194643805,9.18191360489435,7.78237360446948,7.81794953666618,7.28874588430925,8.83066253999269,8.21249641421212,8.07614381392386,7.93229714634006,7.10815892048752,8.71851113601171,7.95618374079802,8.96749844498949,7.41377056945071,8.50263233316028,7.94966916259275,10.1762827572207,7.48098697390057,9.23902598917486,8.193734682794
"Gene0586",11.1132151834849,9.71108369747587,8.80255001095557,8.11331798463137,9.86073824414515,8.47885894049245,8.74975371059625,10.2750616767213,9.15369310199152,8.16414219536583,7.63000467774827,8.93546138678109,8.59450559302674,8.73379326078088,7.9579780749794,8.1217883586669,9.94462813139899,10.2174782640166,8.92005052756017,9.09374140167821,8.89751741283196,9.32935377823558,9.15499712099006,9.86675063177408
"Gene0587",5.78454381170069,7.86923085341934,5.44830016793172,5.32428415580573,5.87902395921919,4.54766437885798,5.42665605517776,5.62054190738041,6.75830959933136,6.98915244112378,5.87219973748227,6.15263652665761,6.04142667993511,6.23354221327837,5.15317306779051,5.19952036964769,6.84639073441951,7.02736912664268,6.10776127314007,6.7376965049442,7.36744849210711,6.8633580130621,7.66915525831337,6.07580296440575
"Gene0588",5.8825989115702,5.92761828647208,5.69572965055407,5.74974301879597,7.18020832031258,5.81786089770811,6.65712472500886,7.43223026209989,5.74616706469488,5.12996665398269,5.63599374448036,5.87876693831805,5.71629579127023,6.36086149946731,6.02990289988774,5.83324806189031,5.59071447833801,6.84045467313931,4.77444193062007,5.9050375190384,5.82287909828651,5.65902680732856,5.51954748623185,6.62498538246622
"Gene0589",9.48015880423867,9.98509017348356,9.13958883431564,8.78922765064958,9.5196269953517,10.4146681712058,8.67775842458328,9.47020417188737,9.95740278835982,9.34580530639004,9.65974903432068,9.53860384942172,9.90468082304922,8.16069818442363,9.57415920864184,9.05167648732923,9.31284388039026,9.4520589844296,9.07342957101032,8.63700880811211,9.14581572521383,8.56842239496576,8.98081871442271,8.91335025369342
"Gene0590",9.45516083518111,9.14118910239577,8.87056859651764,8.95459931051676,9.7235294125429,9.62074016676395,9.42185543258739,9.70911545439638,9.3442850568938,9.80753503715472,9.41359652943008,9.26787655223656,9.47256300327683,9.81851735466389,9.25801265279509,9.08339781713281,9.07586641562819,9.17601151241853,10.3392014816597,9.06323262329588,9.46593765031213,10.0301607623654,9.24402257922709,9.2654037004408
"Gene0591",5.29481325824577,4.83530795533681,6.04424694181589,5.40791234387423,5.31277441468593,5.3591221124761,5.95910421975406,5.69431757118342,4.63889998752727,4.52552202005118,4.38530783763079,4.68278658210566,5.62332140997269,4.99807238559033,5.66059375467889,5.88838940122385,5.75438393633005,4.92943546109834,5.21748545677064,5.03609010457762,5.68453182404809,4.83805206207171,5.24094234221196,5.54811639362521
"Gene0592",8.05537668860705,8.72063010931944,7.73078781575548,6.84763901535339,8.6215054145757,7.39871842565698,6.70819660035768,7.07379084025102,8.58009436825952,7.62204289123507,7.43345553218789,8.37644850733038,7.64374573545468,8.05451878179503,6.80825859919687,7.60356187741097,7.57377157864217,7.04272056377077,7.29834776131558,7.82370834743028,7.12904702842868,7.67728461516182,7.08187741284766,7.60868136432457
"Gene0593",9.60841745247787,8.21761881525459,9.3674389532741,10.0375009164719,9.47966751817352,10.102703214635,10.2417583825517,9.31022831200156,10.3409490408413,8.96833133344857,9.63922703176016,9.34951250399054,9.48323680015594,8.48767911481677,11.0417622681372,8.46544745110645,8.46975621504099,10.6194396652622,8.9975665925557,8.4630409532453,10.4499000035132,10.4431535021823,9.0961305063738,8.08744796266637
"Gene0594",8.28885722092115,7.88183009285409,8.32203247103499,7.61637325086643,8.14767932206383,9.04696145243821,7.47947504956333,8.38350822702082,7.9347055975459,7.76756974031763,8.08577985988043,8.3122515007382,8.47771588111723,8.60338679775951,7.86104764528909,8.19207654482204,8.64945140946285,8.02967270724595,8.09447485823828,8.49209347361917,7.59711884631477,7.94349572027408,8.52445044525833,7.92462255119866
"Gene0595",8.15198523216205,7.75781049150173,7.31805650745348,8.00547850799468,6.83698371052073,6.78764883304545,7.68059222575696,7.15618106707396,7.27824831472507,7.3877280943299,6.97289305874334,7.42436963002692,7.731590182391,7.27874255374766,7.75789962811704,7.63429847364292,7.26720016065627,6.86965091364728,6.83792628406792,7.20721361780472,7.63889417700086,7.6545295103568,7.73031965142549,8.0133037768894
"Gene0596",7.97086310325179,6.96215428332774,6.88545269645989,7.44520381177913,8.01274375420877,7.53250393490328,7.11914201827518,7.03078029409615,7.55100579433596,7.79705973904134,6.58845815821747,7.75615685299828,7.81279752229776,8.1855165534139,8.04092889415153,7.44702997523369,6.38157015075275,8.03444790085317,6.83391413436224,7.77832540188837,6.65332110699959,7.11144878764432,8.05156505822487,7.05734593720085
"Gene0597",9.54562957724122,9.09124870647184,9.2631825357667,10.0903687661738,8.88082685088077,9.70466828780773,10.1071217054754,7.59483695418904,8.29063060416737,9.18690775689659,8.49300940961144,9.13620924585313,8.82094421416501,8.8586303776962,9.35885724942724,9.00495757962666,8.08167852470804,7.77854902914978,9.62379965633972,8.90272747333884,7.68258151688472,9.51239081913794,9.00283012344427,9.21367165502796
"Gene0598",4.55000190415014,4.85564237882657,4.85105692915759,6.04066876695242,4.24936819049087,4.97905396710275,5.2176588063494,5.508123489443,5.4856204284776,5.56047936814102,4.98432356474608,5.28454019522147,5.2285537622483,4.96509372199071,5.42878167668095,5.86048658464964,5.02407770483219,4.71469408846491,4.80653894149092,5.3355422756155,5.10650347219409,4.32157196564547,6.07727457436874,5.20052198271695
"Gene0599",9.05096114834817,8.62348957294971,8.7414453706111,7.71704873276793,8.64811241281969,9.26397329295301,8.10581045126552,9.37152091002541,8.81603454531712,8.94318518292368,8.33269083803751,8.3336840014595,8.67031213109604,8.07456198639072,8.76872906632267,8.22715804160814,7.967132518754,9.25211118739975,8.4708216207437,8.66314888800309,8.18865340748727,8.71042541130521,9.31095789195246,9.0776546100735
"Gene0600",9.17621065679364,9.8708101411249,10.1659246828662,9.31232241607814,9.50342537336527,9.0810067250438,9.93433595867123,9.42702555687257,9.58706642894706,9.3540549600779,9.95742700442934,9.34620162507881,9.98894444293128,9.48627817834296,9.23691311473011,8.57984073034459,8.97448030574885,9.96472245281906,9.90110290193788,8.98872687177035,8.92169702477301,9.23772896414544,9.39789365213637,9.86394135142159
"Gene0601",9.25072334430512,8.66909931654219,9.38749493153782,8.02981254100198,7.81905176002271,7.35382950021262,8.59788524670647,9.81020847312622,9.96802354836802,7.48967363434327,8.34517825622924,8.63026408376284,8.67092968437059,7.94156703913178,7.71169129391074,9.57888447541617,7.76771209206049,8.9525640887182,9.40464896893621,8.49862761892429,9.60527065099458,8.83316097733338,9.1879391048277,9.52997069233697
"Gene0602",5.6408477656188,5.17341384728938,5.36963988719126,6.45834366847045,5.53552473022487,6.04819137634153,6.16014572052497,5.37472461602881,6.3006235415599,5.55142788707963,6.09578568432501,5.79469745298266,5.28429848061922,5.32125635556852,5.55315267843104,5.63455056149352,6.0110681407685,4.97754330346975,5.19197746738597,5.51313094213365,6.18452907337399,5.16340813552768,5.56406964049618,5.11863787796313
"Gene0603",4.99430327179298,5.57477366615712,6.48085186503917,5.60351765677557,7.36371803341866,5.32322641826715,5.94832584176274,5.67073600461921,6.54521259365395,5.58477040306109,5.23780876612293,5.51415048469709,6.34038247985448,5.48203585985982,5.47701340669956,5.1219697278939,5.30367462998107,6.22023631439263,5.91902204884371,5.65908945300156,6.06216011368039,4.69208417596136,5.28078304690519,6.61476662802221
"Gene0604",6.32371719078234,6.40754237627031,6.31198444603466,5.08859153837679,5.66990784131135,6.25509056135448,5.13121218114564,6.44335497898085,5.12042510822467,5.79905396568172,5.29559311646719,5.72541911612146,5.3335510842159,4.41602071580045,5.70472064746124,5.65503652775459,6.38017516729857,5.82255463754558,5.98382808284381,5.55249661204291,4.81545680572918,6.79735553309759,5.8791768304747,4.70628217475816
"Gene0605",5.39291547984708,5.81652872853791,4.92355788210922,5.77391423986212,5.96632784288304,6.9923888503567,4.90176045823863,6.57628671280169,6.08699967881609,5.81608682600855,6.22884811837674,6.05969514136484,6.46302544889506,5.71595122033325,6.01272300576458,5.01358199808637,4.94296263863029,5.8922066127327,5.84889614418913,5.96495649390297,6.92060935299739,5.44515281657916,6.53522474104787,5.30089363549504
"Gene0606",5.75439922932263,6.37281595047299,4.75559543259218,5.73420270312322,7.0470902663719,4.84176278700003,4.83846804359753,4.72462241733785,6.5468754012485,4.6680913762489,4.5476385379839,5.42701554653719,5.58087911381101,5.83670211594829,4.79634161397522,5.70279955335819,5.01495431906682,7.264214637371,4.70858811076613,4.59864443593188,3.85443641524918,4.99274464707796,3.85842010073444,6.31041491433907
"Gene0607",4.50606444351588,4.84418691002655,5.26301026936381,6.11617881575261,5.51171468644479,6.05006393038965,5.63498433896789,5.70527139869847,5.37356554066898,5.23861407683196,5.35149517380857,6.15109169834697,5.45264079605708,5.35547448455541,5.57772052220281,5.33998100867366,5.61858200383407,5.0227056219372,5.81256796188616,5.49441476823307,5.99918260012014,5.91888477533909,5.92208286715003,5.94843240972388
"Gene0608",8.27476669881518,8.1512734566049,8.83395766900371,8.15892046228307,6.79428755609271,9.28379300318587,7.93118649035036,8.85275753782011,9.34294117090511,8.1611403365864,9.1440128465376,8.32623023985792,7.87713216580962,9.33379376513552,8.30500076813092,8.06445335199788,7.75812473924299,8.08263002599733,7.68229465158958,8.12177276788368,9.34018517287539,8.60319995562492,9.28527394166082,8.98171109833936
"Gene0609",4.12657461045836,4.47172674954663,4.39545277812217,5.70812172595151,5.18872666426458,6.73971638536115,5.81699079048382,5.18010894969009,4.7441992511658,4.89286557809591,5.06292155326355,5.88237416480479,4.06051099477434,6.890211690282,5.2142295717136,4.76684983795509,4.96514945357917,4.36556473407247,4.9947758884034,5.5583505140795,6.08347650550168,4.82456229733116,4.88273383903089,4.5657558636479
"Gene0610",7.36256437872843,7.30639355380796,8.3192848439857,7.71491832671462,6.26589961972947,7.15789385723861,7.98727481064617,7.66954954627959,7.67198127755157,8.57875831597151,7.21497362058045,7.27082327590297,8.08251903000553,8.25412501301455,6.69351032976384,7.33210443604623,7.43966903805711,8.39138579532356,7.81361055877308,8.30989173758973,7.85962608014303,8.1389514289828,9.50834602590076,7.41757703979268
"Gene0611",7.84896393874398,8.21118853777049,8.28400033900552,6.1490726682258,8.10079016665912,6.62890297750341,7.25170826461178,7.26433492154071,7.02146935018374,6.2883955210106,7.96290411120376,7.10446051554941,7.56589832744367,7.18958268008442,7.3056446016574,7.31873057960384,7.38811412962506,7.3743337829205,6.84142052198187,6.37184605400083,6.1624690837083,8.27050333945143,7.89969138026854,7.64112039795993
"Gene0612",5.557601752671,4.21060338000128,5.05569626167604,4.43495679765904,4.02618048880379,4.69017418283832,5.85845659119947,5.87638012799691,5.27464619254772,5.35277373666858,6.43094978157624,4.7896623455209,5.34752970798528,6.05164803285973,6.22373517668903,4.75436176209558,6.37309028203753,5.17416716777941,5.16647593028488,5.52416879765484,7.43293020853933,4.60993124540615,5.21922534755371,5.15488280354782
"Gene0613",4.7811523556943,6.60559923855413,8.53382913987619,7.7179150203435,7.22694064630776,8.52120203934034,6.92866416235475,7.53049710589502,7.77174994336691,8.16299805972772,7.12953939924079,6.96136889910413,8.06131566678948,7.45503591493904,7.28347543287003,8.52921194904281,8.12656677780597,7.80909955256652,7.22115433197518,8.50252114479416,8.96955038156165,8.0292916433423,8.60791692151895,7.30371431910854
"Gene0614",8.49215960094456,8.37284141717706,8.34306574344795,8.84024959617481,8.64191750974248,7.7820238440425,8.08144470922694,7.7633734128047,9.15053830783724,8.30659341769145,8.93743477963973,8.16903687367275,7.97473320317957,8.5539299161532,8.51725088710008,8.83815956186287,8.18028390610144,8.71130340981247,8.44191604932446,8.36415322809771,8.23617792559088,8.58856822448447,8.72087222172509,8.25409600495273
"Gene0615",6.37382729983775,6.72257628137135,6.58172854977429,7.45224850171232,6.96682940842934,6.37791208481562,6.80034163774619,6.45149453152464,6.13598381360612,5.65564547912716,6.82505467896586,6.33333518928682,7.06874685405882,5.82375831415336,5.69988681225799,6.66123386289627,7.49800467424697,6.04405938471329,6.79166211617376,7.39259701271505,7.38677974433984,7.28628106799657,6.22849710857644,6.70240648244723
"Gene0616",6.82986400896489,6.40046059554138,7.12174755090078,6.00887867464123,7.42652165018333,4.71738203156931,6.01608758507704,5.49216497689038,6.7985309153747,6.15903943897096,6.78252995784268,7.18825809426276,6.04011348091359,7.15626748523563,6.92326967250669,7.39027262588808,6.66234979057998,5.48004755931008,6.98467459354156,7.9377413017961,7.57169065383868,5.98671732404483,6.76478771112553,5.9653965268073
"Gene0617",8.72455150831031,6.92209468162774,7.9901897324284,8.87193321984739,7.76851449993018,7.09168875822728,6.94533513652404,7.31982848203594,9.44059912457521,8.71252162916144,8.15509357122182,7.92334407069716,7.96523600317117,7.44433002134093,7.88216940770163,8.79899958754283,8.38426629283387,7.91426113902981,6.79545698199377,8.25735619874001,7.97250165648571,7.09208772940147,6.31397927982047,8.55311127148213
"Gene0618",7.85985339036615,7.98352545900006,6.52502597970313,6.34932150430838,6.79228812449653,6.9864062781416,5.28608420730828,7.44259913060031,8.35757690824339,6.20256698367549,7.52132443914014,6.64276542590187,7.39982503596392,6.38550789023157,7.20543141488346,6.46611404009886,8.37127030783471,7.98274655029495,7.29987045079961,6.84610163950827,6.31950399399828,7.26742699776638,6.57357784309907,7.90613675521483
"Gene0619",10.0764873730577,10.1468077276059,9.67760632461106,9.93573618980428,10.3448512843978,10.133995239287,9.20324449505015,10.094198614913,10.0501265076126,9.91712120305225,8.92219897562151,9.36540897471955,9.66084011948046,10.5977259915142,8.91229637556359,9.97682029264147,8.85049205957218,9.75304879324295,9.84648270472441,9.58838016030148,9.5235389275525,9.87547335914367,9.73661435886437,9.7027436552257
"Gene0620",9.04165057304549,9.0073243848681,9.07043142975581,9.82572990385238,9.31719468764334,10.2198213649885,10.2592041384358,9.73512676363111,9.65002822788975,9.20225616204292,10.7174160823845,9.54155933664606,9.97759871186071,9.15765170992588,9.58207369015912,9.44256935697205,8.64578119570711,9.56052351222865,9.92289641568521,9.4880407442132,9.60980342903998,9.85801885439152,9.48985206650796,10.0745174656175
"Gene0621",7.5366851302695,7.44628492104563,7.73413820743657,7.5707810936655,7.59067850469633,7.20918502948384,7.04627517519523,6.82755619384661,6.69761634248018,7.10397974603067,7.82599058309198,7.60100204606392,7.71880506806642,7.20858395430112,7.81580297456581,7.30395339461847,7.17911989417974,7.99341573105675,7.1030092713906,7.89435528237066,8.29276239267352,7.28532758651526,7.99665346612878,8.03677346469688
"Gene0622",8.21776827487637,10.1014514101125,8.64649644041558,7.77335942941581,8.67820616063478,7.52153845744956,7.95900732683871,8.45923729184925,9.28500146385672,7.48120347522119,7.81009065802702,9.02421394004559,8.1605756708622,6.93927098817382,6.97980346450896,8.35067572726346,8.04982574755565,9.26642818633127,8.69592516336191,8.51271565871825,7.91729095258441,8.00165148995835,8.70272273726008,7.72786445258785
"Gene0623",6.58809383212055,6.0656820207059,5.177844544555,5.98101768455699,6.93808973604208,5.88744730662418,5.31548257412329,4.23273893927567,5.60619442582666,5.69237597060375,6.00645349084317,4.67870888804415,5.92435690913681,5.54643266234433,4.54624774462126,6.94200797754637,5.81960315637733,4.97075057182403,5.42926614814501,4.39102092836719,4.6945624653588,4.78737639784257,4.91957159220335,5.95477358283661
"Gene0624",9.18529576635222,9.30424502164541,9.18109252390235,8.93060818224391,9.42200924245579,10.0284750816937,8.95595477165912,9.08810696602277,9.41025470165057,9.94745934577276,9.67983081842889,9.22895981185255,8.71282210922475,9.81141545682715,9.1069343095742,8.7832389766069,8.92161534243135,9.53288795767315,8.95769428694785,9.17332834881438,9.94753944601941,9.36188536601903,9.83632019041119,8.26934878488601
"Gene0625",9.91797097886528,9.82831976463015,9.79888772384943,8.86254527602105,9.54059096091106,9.5890319241854,9.77031018062469,8.53755950210805,8.61511266209573,9.91858306485949,8.92272874852661,9.75431558906467,8.81511784173539,9.25315391485524,9.25480804900772,10.1357336723752,9.20744815242918,9.47861157947396,8.89265474039798,9.47665409966432,8.67701091709071,9.0303453297737,9.38250888852298,9.88194832349184
"Gene0626",9.11244418730339,9.73385299283841,10.4706297862784,9.75498125620383,10.2588541541851,10.080417497187,9.86089792319506,9.49162120789935,9.24433742591667,9.86719699424039,9.45336925459581,9.74239501119713,9.75633538276639,8.03670619897359,9.7569198546297,8.88622323405524,9.26467715826181,9.16042060168759,9.66907654856647,8.47946657237896,9.36013718827033,9.16404611735494,9.11858902527958,8.54708817069998
"Gene0627",5.56748409691342,7.37778133484482,7.71502050378129,7.7562635538603,7.22211268135593,8.49432606176922,8.03025526068727,8.22644343861516,6.67209185973365,7.79344410054741,7.83505723343445,7.63469756475519,7.11845593184015,7.21370245892538,7.27167010177227,7.11182191403408,7.9484963593095,7.78080480044201,7.20642409856161,8.79304627218645,7.78153843974126,7.7544819402959,7.99606287401888,8.82081124219326
"Gene0628",10.8427492693097,10.4002963281537,9.28364069702247,8.821279642405,9.8845099936912,9.38520906203083,8.34141947676449,10.5555972657574,9.15179473007944,10.7161944492742,9.17844705519336,8.93668188842408,9.92487124181637,9.57528815655117,10.2053235059388,10.2589333243323,9.22246436353237,9.84630563282476,9.74398968997798,10.4014187077875,8.87921077288525,10.0472409681363,10.10557071651,11.8817789339868
"Gene0629",8.55627918281909,7.19571825482569,8.01140872542329,8.57600756382609,7.41720745683273,8.6879091567597,8.6318111852894,8.29735187135346,8.36832207786431,7.80203648817781,8.20772082781246,9.09482787957137,8.40954582161593,8.64963302846526,7.70419527665848,8.83661233218764,7.90057303152716,8.19734541172438,8.58296098915387,9.04366171026154,9.34011334259822,7.70632249895646,8.33936556661924,7.81261937098911
"Gene0630",10.0030897389978,9.80132395250276,10.1803019275976,8.94666271705689,10.1209444611841,8.6386715666376,9.31091387780993,9.46668557425919,9.39778917263119,8.67594760755053,9.31671170804231,8.79937368738445,9.56813212905121,8.70247256482505,9.76161930236541,10.370333417698,9.13756433205969,10.2505460629545,9.6354263068933,9.6804264339428,9.05013835474236,9.21703197730993,8.93168034638737,9.1480733351531
"Gene0631",8.21093361969355,7.74441837107985,7.97080866295095,7.96729931010943,7.30765043234149,8.02436307706274,6.08038767841753,8.16725553465083,7.54827360597913,6.68617884214108,6.72445420924294,7.66148602037847,7.93895399478883,7.87186040127397,7.94316857346509,7.95683811068238,7.31804690082288,6.86602838633843,7.47143798662335,7.6953774496212,6.72783877032498,7.23997210495494,7.22958564689534,6.9796076465174
"Gene0632",7.50558832618693,6.50480535663461,7.65989305711608,6.02064320433736,6.61966614440287,6.13355131908834,8.1484746059271,6.74858549748261,7.06561898845317,7.11984180656027,7.85613432734016,7.11450504469116,5.95902109327082,7.39184483285931,7.53780919748569,7.41825148311957,6.91150098603128,8.07653056850143,5.53505296623068,8.08810274957636,7.2771388579205,7.80622240902794,6.5682621730311,7.60595784287055
"Gene0633",7.22389326218012,7.82369280186012,5.86440668437691,6.68335702381766,6.09208458464932,7.16283072077751,6.78320564368319,7.09671688817127,6.07387844282093,6.4700615398516,7.3965108936718,6.48708155788002,5.19258828544563,6.59976673731532,6.41419376589193,6.56213728123969,6.05842745876782,7.70174307169474,6.69215640043295,6.2436352142195,6.65468801303689,6.91992985498271,6.12204846951386,6.61989284459063
"Gene0634",8.22572239481698,8.24601352257143,8.32400312427021,8.11986285184815,7.17606555985875,10.050370263967,10.0151431527011,7.10738005558855,8.65106736108949,8.10794125951793,8.38562665184125,7.54312709999387,7.88571802434409,7.48553452157718,7.17405767266692,9.20422465234659,9.07922762185404,8.77001716765221,9.83273500887739,9.43809946325828,9.50264197340599,9.5724860133152,8.31827363502066,10.0468408325662
"Gene0635",9.01397579833143,8.78670278691291,8.05051869132047,9.03205485762672,9.34930288650518,7.8066137138189,7.46120671506808,10.0792368252869,8.48108647672722,9.2476402834191,7.81254852975239,8.8428894607994,8.04344661431503,8.48811324058922,8.44372198277609,8.51949062897138,8.79957629072499,9.30725693120669,9.35924817463292,8.96220439022009,8.10187980094272,9.22085135531153,8.83055264517062,8.27328104453137
"Gene0636",6.6862912731339,5.39580432331634,7.60300484434178,5.80348225489411,7.93997145941969,6.58269073588643,6.14877758612468,4.73900896864004,7.09627831562061,6.05586714267764,6.82876388995689,6.04094011236482,6.18751826019066,7.22668400906839,6.83683325948376,6.75495685327126,5.68029063965564,6.42625177052251,6.65883932576981,5.8857626896294,5.26434781406681,6.79255808487658,6.87263728944502,5.80077380192285
"Gene0637",5.23961629188328,3.75291149496376,5.42504765837468,4.7753559556909,4.81495899843081,5.44437954253421,4.39561900430886,5.12619940611782,5.80853374199835,5.56456115361076,6.06126187774045,3.72192430514978,6.80871493730839,4.31390181784751,6.48737482817522,3.77075061961319,5.5840047741092,4.44309900301795,5.02214229238583,5.31633748764417,6.83293942003341,4.98583738324773,4.60757733275162,4.33197971159461
"Gene0638",6.56982272543027,6.79338875817837,5.35843292692181,6.62765774508492,7.11366295270293,8.10665286280367,6.70918595143378,6.55982176173435,7.78019064397432,5.80173536524541,7.25076892346835,6.4876809070163,5.4867924395402,6.87879694988719,5.96822808511256,6.16335464356206,5.81832076440507,6.98070577937962,6.80048194494982,6.44026834774359,6.63528248403967,6.90119864049588,7.41852050693625,6.92031972434478
"Gene0639",8.50037114704297,7.96771829161698,7.2111883401299,5.47382115667517,7.37774181444658,6.63048387021577,6.49123549997416,6.4705346374329,7.72153986342796,7.11991312150257,7.06863565077568,7.17857413990779,6.72721268154028,6.85176249966349,7.35091950466752,7.90131235466039,7.26014937361635,6.68279666497208,6.94593404513672,7.20231722459156,6.31513128501567,7.11482210165984,6.57545021710305,8.03593904535166
"Gene0640",7.44252715065732,6.97865814333281,7.3210606964459,7.94253599717944,7.08481579364723,7.59507017175751,7.01328998221303,6.50320149705928,7.5867003761839,7.4348485612638,7.23228607420886,7.6405607986575,6.90272719201762,7.63371519761973,7.74809060837922,6.6129016960029,6.56500693253182,7.46162581407153,7.48613749324468,7.31835685543914,7.40396525935526,7.46006885138867,7.66548970687898,7.48421955069755
"Gene0641",6.61676628275254,4.81152190876824,5.70926955921238,6.44646487206514,5.32719857083574,6.4004761355451,5.69172293627209,5.85236358177054,6.14797669317666,5.04630495885304,5.64088827141689,4.87716340025775,6.1336693811994,5.34452851371932,5.91088100878105,5.61517224114025,6.2194052941931,5.73512372481963,5.28952330363797,4.75691704171321,5.37317443156655,5.84973376741948,4.41213261633164,5.74559210434177
"Gene0642",7.78134405612795,7.74415391551212,7.95163437589643,8.02811662530389,7.75520241974762,7.84559208714548,7.42982717761954,7.05450926683102,7.94066382077017,6.03512105632122,8.33510274105303,6.98504026651545,8.17198911500832,7.09988203194505,8.76610004626223,7.52433773773121,6.39694694220708,6.92353324445545,7.92688012586061,7.24568611245553,7.34360264253418,8.02284717683353,7.25138058488431,7.75394164386587
"Gene0643",6.45766517821377,6.26299304931562,5.24839256288206,6.91166993132971,5.90591375599686,6.4787574767355,5.90086080856998,6.68566723128431,7.05810576916736,5.8335807832508,6.29676037618992,5.42850491850702,5.75310378127063,7.32082275366817,5.04959417785052,5.53897220509869,4.47285595634143,7.30852667168094,6.67223601620153,5.24201646810544,6.25051869551735,6.85210007906832,6.38633146831867,7.31892259026056
"Gene0644",6.43004877277066,7.48032984384417,6.78811688508493,6.97339611791023,7.28635169829882,7.24475282367067,7.03373939452116,7.10240925332333,6.75032071215223,7.40771435541313,7.28421037939483,7.06010074702443,7.68769951840032,6.37129824340252,8.02290215072512,7.26439825976251,7.46250245353095,7.34695665172878,6.73625238860896,6.65929352519685,6.8049741057961,7.03097726308655,7.27168584100535,6.91423174052125
"Gene0645",7.89466111553727,6.58004428993639,6.86085062735836,6.2628973854402,8.0449055406423,7.0903014339425,8.39066643981321,7.67212312007327,8.22192355031769,7.01711770679069,7.65640512693658,6.71570463439586,6.51944548094328,8.52615483607321,7.82089571488757,7.42209828962195,7.73662296060644,7.51859350290745,6.53114253572155,7.68801411485584,6.91133976949918,7.95451270284868,6.12024433963695,6.5074069037021
"Gene0646",6.5935818723264,6.9325950732132,6.52087841305285,7.1717998814474,6.07884632945031,6.61960855730814,6.55576276243525,6.13798466453275,5.93736857448192,6.45555497200168,5.6496925552834,5.80103267215966,6.75028856804248,6.43329805831062,5.71779469584849,6.07556592708696,6.38826273024988,6.71262938444232,6.05132562566302,6.83533318487137,6.39632119009516,5.82475646875515,6.65398492286426,6.64872989834773
"Gene0647",8.95002204047637,8.63921428891467,9.18577446325925,8.96873957556625,9.05666879019142,9.45343012729182,9.75980861031139,8.8770800095931,9.47337477908721,9.17207249899425,8.86989065716024,8.98200687576077,8.94057902382313,8.62379446317244,8.86990140270047,8.40823870350146,9.49312961047616,8.35103858677048,8.30516494991773,9.03657996553333,9.49959474361348,9.11387669906393,9.43535994598786,8.9916884223427
"Gene0648",5.65492275030809,5.97158728032159,5.96953135731908,6.05098951998042,5.53828705115362,5.51797754688391,5.85827365440157,6.32402574552383,5.90093370873425,6.13228474838001,5.42897096041512,6.1355510240483,5.58154985458588,5.16162717944419,5.23834166733613,6.14028224953789,5.50787187118555,5.72101283733995,5.15102015781261,4.95213483128957,5.50383786180773,5.81307932718067,5.98756192341634,5.88172107750381
"Gene0649",4.2380782457748,4.42251004529582,5.80051018028,5.18277810345721,6.33100431721942,5.43162791371966,5.12528710351538,5.14410869688841,5.40934585134337,5.07747483351191,6.14761014439283,5.07225682651894,5.73478312026883,6.5059788082616,4.86033992678423,4.49033034917337,4.58752865263605,5.06640246205059,5.43067744703895,5.29887101062085,5.26333154579871,5.61392110011162,5.4767795146493,6.0753271940032
"Gene0650",7.4874662448221,8.08437246392377,7.37637969477449,7.53569887914056,8.0538456348908,7.42273551544691,7.01723417177764,7.72612938726387,7.75051908856966,7.77147001195317,7.1593101985094,7.85912993071144,8.05128802892398,7.52276083415976,6.57604601083268,7.89637600286404,6.86529470685873,7.59846566895045,7.23762180625696,8.0761413395978,7.4564804401525,7.85219771278033,7.49044871074485,6.83715174668705
"Gene0651",6.12622899375158,6.7010340698929,6.63401139686698,6.31706146785738,7.1525180186852,6.32165988169818,6.14452830913969,6.73040861357163,6.35913971694261,5.38816318357341,6.96679293872972,5.03173762781237,7.32847079410511,6.7069090339775,5.51170144616387,5.85137698924991,6.24297853093618,6.96320163956912,6.72498144362348,7.16089337585485,5.87132572758928,7.06325670859801,6.22458031381595,6.08908378638697
"Gene0652",9.4701285007065,10.7372642202011,6.6033322959806,8.09192011027812,8.82250442901404,7.81566063737975,8.05071409713895,8.24751371227835,9.26992229568271,8.29163330274807,9.9709360244823,9.49594952227412,9.59719005062335,8.75870284700704,9.65143681635608,9.48093721391126,8.76514350038865,10.6901420469884,8.09623287337626,9.77344199255889,9.67143552987197,9.14083041182887,9.43746873168857,10.5654455577334
"Gene0653",7.96768189590863,7.37771358013576,7.86159620420985,8.49547589161319,7.93515480450294,7.7701081339867,8.13904203291018,8.21439267497068,8.88879574090156,7.60162771861735,7.49502254484496,7.54179439135139,8.31905264828327,7.55607674320571,6.83364403503165,7.56590945454281,7.90416746199613,8.6380749360851,7.70448775771794,8.09333503392703,7.73337540740935,7.72154659952346,7.7249798534829,8.00129683633384
"Gene0654",10.3538352428726,10.8111181259672,9.29797571688194,8.89666581613626,10.9484136959908,7.84984948181727,9.26086660445776,9.6717869788634,9.06971438756301,8.62769650692288,8.76166128745437,9.5145281560265,9.69221533712303,8.89509465510619,9.10305148880594,9.47071342154906,10.4986003642054,10.6988395176387,8.35427503933766,9.04413935517862,10.1307434020848,9.90623018033467,10.199483137901,10.6876954048668
"Gene0655",6.89855332940133,7.37696908275873,7.27629526708954,8.78333787167402,8.28769554767226,7.23989307790406,8.1208826184733,8.1981702479821,5.83444790472676,7.82663753650091,6.40559690699531,7.72483600690276,7.99835920368923,7.88193534977747,7.82175922913507,8.43722879490968,7.80465777884824,7.55967598727052,7.86535613670496,8.29194915206262,7.4842359912764,7.79459612289283,8.75313332900321,7.74661221477243
"Gene0656",8.81066736136532,8.93424615064503,9.09316766573775,8.970261857944,8.07068569436628,9.75842132572208,9.71150591500013,9.43049990351965,8.12638752158646,8.17265688003814,9.56013362630037,8.81614816169915,8.52915730776771,9.08195821361847,8.95142651508791,9.33799980807907,8.48980956011588,8.97916870592649,8.68842121951035,9.87647042108165,9.33249738214669,9.16896487060706,9.45864395073821,8.71980193634247
"Gene0657",8.65279849267119,9.81460843323966,8.91337332317121,10.0062861649893,8.90623062908669,9.24319904369062,9.93604875592161,8.5117353184137,9.67822870553888,9.51563299540786,8.72549745558991,9.44085848753137,9.15040150556419,9.40309737550978,8.62939398875569,9.48940216586477,8.49829001463574,9.07123630944566,9.25113817387394,8.45539064233034,10.18572750693,9.15323605019938,10.751271989232,9.57657048365279
"Gene0658",8.42101410089554,8.90032720780273,8.08472830417626,9.32654550335845,9.54128622242382,8.84801225836135,8.53815115356534,7.87451475476078,9.13100879243068,8.33518352803925,9.25396351585661,9.15288505695534,8.45702776711039,8.38047465808582,8.92188522518131,8.65025864168134,7.62352397070526,7.9745979111382,8.67157863291501,7.37959755722583,9.77749773694707,8.62457500025774,8.3395337335279,8.36593755993127
"Gene0659",5.55762625290516,4.87626427611516,6.81545347210026,6.75696556606249,5.20092057418716,6.41501333645099,6.4395867573135,4.98913971096376,4.80055519228125,6.65999869346892,7.14615840385587,5.75824987977659,6.21207692356281,5.39901784566681,5.56007395432937,6.96244919342677,5.89532522245355,4.84933742834747,4.91110144397553,5.74654929103497,5.49752889462967,5.73473579507988,6.05834208530075,5.75406386956333
"Gene0660",8.43483718366014,8.27593613398654,8.72671983611384,7.46465163401802,8.76732289708187,7.64257456748692,7.99177827381547,8.55835540916985,8.6094464777167,9.09791876246588,7.71662138583516,8.23355913408462,8.22769444787546,8.33848257623921,7.92828346982943,7.61571332919647,7.9175944847597,8.34981370242486,7.68771718447217,7.67255911731817,7.46138876545448,7.84533450928058,7.66860842268979,7.81403017921826
"Gene0661",10.1098102147575,9.56873373625145,10.6492677470565,10.0348565732598,9.84350290183789,8.90899342377771,9.93343045947022,10.2099571203187,9.79825751290481,9.86436403423621,9.82129867824455,10.1990377861657,9.73721962514097,9.06108923845555,9.71236685153429,10.090476540318,8.81200776143355,9.6621474764037,9.58616854695662,10.4798317954989,9.99423983232496,9.76595011587548,9.52026468127253,9.95998074102182
"Gene0662",8.19092159806477,7.31139088039818,7.07021249668692,5.81703219997169,7.36181832639134,5.47491492300397,7.28050278825696,6.77607541916731,7.75157394949869,8.0616274883575,5.99394190468214,6.08074995745753,7.17264505397005,6.90000235241761,6.83768439252075,5.91700758962293,6.09320943679068,5.96522845718517,7.19432866777248,7.09762636795549,5.93758924772886,6.0198506467388,6.22351537845395,7.82121131288452
"Gene0663",6.96252800667382,7.42690527011404,7.55588422303755,7.28146068942786,8.91869393277926,5.78357922393822,5.60933399988431,8.03331573069578,7.75834239866539,7.02358048368451,7.67547520560981,8.21216183840893,8.52079739398398,7.41391380258062,7.72178295514204,7.0937207857007,7.6922699814829,8.21643310914173,7.46798882161679,7.97347192861256,8.1055174017798,6.87526513000862,8.17485324984641,7.87436416329847
"Gene0664",5.24837222733319,6.20411023857532,5.64664382868336,6.09206036816871,5.89089690454671,5.08609384765575,5.74682414649348,4.10583398364695,4.87784164769715,4.6752521491676,4.12521075540486,7.37233680223554,5.71379723915571,6.27770822624824,5.71991535294377,6.32770688317468,6.12649853031073,5.67646422706219,5.07377396509286,6.68708731153341,4.98257316508463,5.41047048389105,4.30332655199213,6.29943260045568
"Gene0665",4.87525237446066,3.88696074696943,5.40229458880479,4.69562150325202,4.80173071467732,5.19655370116384,4.99107636695469,5.7596571153197,3.88198932812583,5.3482186960761,4.88490147011721,4.94961859535047,5.56179398881596,4.75177122383441,5.35053379776431,5.67636337991633,4.72026332472893,7.00354224784718,5.10677574322175,3.93625353884093,3.81793982237043,4.64411330397856,4.99506981378146,6.25133720193674
"Gene0666",8.5168281559654,8.88846727755391,8.18720251278626,7.85412286141148,9.28608965173009,8.55552236255608,8.29676356472018,7.72828376958226,7.80822708451751,8.37270189120848,8.72414878947909,7.72199119780546,7.68924242744628,8.82817458844041,7.6455912538288,8.44196232805468,8.77573591715441,8.45191422168637,8.12206779941835,7.67928380191131,7.92489091726087,8.63721504408422,8.91227249005931,7.47686069370819
"Gene0667",4.57612699704183,4.90028354109623,3.61082420958897,4.39792898450425,5.01623060386544,5.09162814707569,4.84421231114325,3.19594768449115,5.00475452119645,4.57175421916473,3.71483312608406,6.04005778158619,5.58577260188676,5.00687488149539,4.4109684342722,4.82366526031485,4.7918785441165,4.98602049649335,5.25428361081652,4.23564900955234,4.58853369065664,4.39089596878277,4.23185829491983,5.48147058171121
"Gene0668",5.51566692108683,6.31507715568763,6.06652324959731,5.7159466876148,6.21640345059832,6.43301694277991,5.04894707009283,6.04411027383724,5.64533033137345,6.70989821437551,5.23242960961832,6.00894409689577,6.2335613100494,5.44199035852423,5.48022359994575,6.4223488221359,6.03232063544378,5.48649237527318,6.41493969592767,5.37599447034504,5.84492288660276,5.84554968584674,6.42389926596046,6.33851357775865
"Gene0669",10.1947419004326,10.0937799728367,9.80898982812503,8.67414908344167,10.0883836743458,8.47704812848488,8.94384979605405,9.03039159084419,10.3880118000929,10.1372090670294,9.52165821972271,8.99181937689059,9.62468244688172,9.6821595710607,9.10660273941741,7.90559868604105,9.16142174281689,8.67534406437553,9.32222372524716,9.5970203684372,10.1147244367638,10.2757423169023,8.31559526580044,9.10734180184914
"Gene0670",8.29111004100348,7.81090605355165,9.08100650311929,8.96674045974922,9.6691441868153,8.73115161043381,7.63103069222932,7.815000297845,8.18142071142318,6.925816817632,8.16752130176441,10.512725156302,9.13636661003663,8.0174933325742,8.6580285708762,7.90249416749603,8.63856167513419,8.15979512451436,8.51159413469446,9.69813326946489,8.80795130144851,9.33463836397175,8.7239065815804,8.25602175419159
"Gene0671",7.66834815499562,6.96527076209004,6.81937015339462,7.40554044345529,7.09406608076053,6.82452824130075,8.14123670473461,7.33324616410617,7.50900919155429,7.70649415442408,7.75989737952359,7.8483992287738,8.41348046664855,8.6948517655789,7.15216177045503,6.56272871443824,6.66743176529909,7.32568829165949,8.06514542012028,7.67527934707843,8.69895802877273,6.52021189573702,8.37779072429766,7.75622855781884
"Gene0672",8.199749646677,8.10432510233534,9.44094614712069,7.73300570736946,7.22286309343658,8.88514922466276,8.62561940445038,7.37692152396796,6.08799056080273,8.65957979716254,8.08364266121674,7.48895218212889,6.89667448870878,7.87598830901835,6.04314954394224,8.48752693138723,7.50330294782793,6.39015669517662,7.64658281583236,8.25209960079569,8.39907832557493,7.57799993994869,7.10820096073768,7.87933197760083
"Gene0673",7.0886610931568,7.92113832508964,7.30722567224791,7.57495167045424,6.98531854179955,6.24979623931517,5.74238967023177,7.15875776508948,6.43130558710277,7.23546133998265,7.8031971818608,7.69354049999895,6.91981760855574,7.57897221880487,7.15362443763814,6.72189731469807,7.48748328167741,7.25639485390453,7.30542795256571,6.41158444335218,6.14903018347058,6.42818712447444,7.4612810983966,7.82081692899356
"Gene0674",8.22071931477146,7.99631963712087,7.47799576320015,7.51913898130986,7.47716474109128,7.1605156597252,7.71656218428572,6.89388156314868,8.41126319491192,8.51439410177662,8.57857767016549,6.77609485478427,6.90598245121142,7.39839844500403,9.0198522797263,7.41726936739086,8.37467680627102,6.98116484301155,7.86157337360729,7.697218685236,7.70506532801166,7.92308027297358,6.57159042048604,7.85842616238146
"Gene0675",8.88675666151214,8.03048733409755,9.27356483256874,8.82770666974647,8.79680957193892,8.76824390516214,9.89134961268584,9.07499172619088,8.45291455443384,9.50249078823428,8.38030876913993,9.14747502919151,8.72050158760498,8.67477343493883,8.16521285644229,8.81489064946339,8.4331195724982,8.4240250485205,9.32028540834345,9.16320455702227,8.88708374068171,8.09441923041395,8.53437353764234,9.14006361240609
"Gene0676",8.42101835013603,8.26195908022597,8.35329419643461,6.78778004791035,7.55322871911154,5.9640336389034,8.01787152881111,7.10257967390088,7.78597423030132,7.4080904387281,6.73257971071641,7.37191437840265,7.37256799106029,7.65972971445898,7.1543574398749,7.92188605986466,7.14115977686456,6.28314751753543,7.51678854342813,7.36098358636521,8.27291584242932,7.46263297167503,6.83416803525326,7.2622597460163
"Gene0677",7.10727767593659,8.14274763108969,6.75967862336705,7.58820801467833,7.8960435838988,6.46938010796312,7.26378795593353,8.51456434381792,6.86222867031263,6.42752321465198,6.28402119244594,7.78703359832919,5.70260585973309,6.64159663622891,5.65790894485811,6.72150876293631,8.23155735049662,7.24296868102534,6.76094425697445,6.3119989206295,7.09111335761709,6.85327598005259,7.22783316146004,7.67222270051223
"Gene0678",9.54336226926081,10.2039309510434,8.68219640036109,7.86072522618785,10.4240367728073,7.03391024406417,6.73239621640422,7.26889144382702,8.98093858591918,7.4678021744483,6.61949884069278,8.1296059757278,7.90268128183778,6.83297881578072,8.25522832498783,7.63309804701226,8.94846377948855,7.83972245400605,8.09045980922612,7.31248676804753,8.07968040893001,9.09348516640651,6.84902383644833,8.54647025726547
"Gene0679",5.62256223650747,5.98698388216925,5.79979938081663,6.0718035373301,6.63978709086161,5.68146635589361,4.72584705490634,6.08034866274243,5.03320085203688,6.27353880934673,5.89078608358503,6.14117928371668,6.01693361030212,6.01751298503547,7.77361870203935,6.97641240211622,7.12238131692542,5.18628623568496,5.96679033647854,4.98308213974677,5.47485630132036,6.75181360835274,4.58962388938188,5.60898042407321
"Gene0680",5.2531309742949,5.44504621555907,5.28372470476538,5.62839521629566,6.04428988181433,6.01626878349095,5.56334006659304,6.17491516961063,5.50801274546164,4.99009680516203,5.43265189151258,6.4004712551072,6.01985198839279,6.08121782076138,4.93124821679145,5.5557626073848,6.61293496831253,6.0664582217527,6.25749839396484,5.00217410606014,5.74179105615572,5.22768279109739,5.56501994502443,5.62517865627601
"Gene0681",9.01942611031426,9.58102053589978,11.0091588812917,8.47014358550652,9.91467854215202,9.32392816347295,10.1116368206073,9.8224204628167,9.195106532904,9.93394647421391,9.87971688772604,9.58827748041593,9.15815427864591,9.81390615403043,8.98707872236936,8.96975725261443,9.89331021908969,10.8130250242897,10.6928355724692,10.6390805010396,8.76845666381504,9.35602120447468,8.70516673682054,10.3150757264455
"Gene0682",6.79140006314286,6.56171155973913,4.60575651080206,4.60446551240703,6.16798753989095,6.1596413196217,6.42431983306217,5.800274140025,5.68045926473619,5.69017125164503,5.88321934878725,5.52715373414514,6.01045585790603,5.78255824622264,5.65318525064194,5.31677775785796,7.01022550794965,6.65347560143076,6.62402382644082,5.89337346287909,5.4300292103857,5.46368013406804,6.22215440589541,4.97342643645253
"Gene0683",4.47883476428915,7.30455412632092,6.32941866574845,4.76858783063474,4.73749197298586,6.02259166680434,6.74619267018035,6.8535310404692,6.86499226989195,6.44539339479126,5.42471902806193,6.84927816406564,6.74598800706439,3.65971547389194,5.72737672095261,5.6941252988603,6.1409489386298,5.7759475818128,4.89471287630502,6.47991537480708,6.96271706934199,6.8342873343556,6.00235111165964,5.89940377955247
"Gene0684",7.00703568849791,7.09569085778769,7.38500047158196,7.37704865296429,7.13118020502984,6.63339835509998,6.97438364269906,4.97020872090864,6.89944991074645,6.42123586907225,7.44915182130831,7.21349537660599,5.62734114069498,6.80267732997836,5.90805257619425,6.90544945198874,6.53645024921897,6.61271910871916,7.13807788176659,7.02446357468799,6.52583477926156,6.44520837173802,6.78022620911839,6.64543005604374
"Gene0685",7.25607938738488,7.7796305937523,6.51029536762553,6.44427873115544,7.49717151673647,6.40118080283265,6.54010037731596,6.22138903813776,6.62657565005621,7.22500127177803,6.68080644545369,7.95220411949826,6.96492063286287,7.35202616288286,6.44278885206522,6.27958076280741,7.25323748642062,7.29420891059768,6.81405143930512,6.2423862966444,5.78470255048562,6.39459253579044,6.23023786491759,6.82326944442113
"Gene0686",5.61203101867971,4.40006194104192,4.87615145934577,4.89724395061097,4.9294427065288,5.50679578203178,5.678974573372,4.36544033521784,4.31324211185489,5.31086843843685,5.49530737609357,7.10223503809982,5.04376235139079,5.55665393790524,4.40810076224995,5.51114357898375,5.24156090757054,5.3352069117231,4.62935821045833,5.68535423098094,6.49383735201999,5.8259720642852,6.09077242172612,5.67622484915036
"Gene0687",5.48794790210964,5.09471886164337,5.7854316755433,5.29757695371572,5.23429542542241,4.8186456631382,5.01341203438871,6.06025766496577,4.65251567774946,6.00232993356525,6.4841756645638,6.06733717793375,6.42508173032539,4.90836100621742,5.84607199142926,5.58327989771665,6.76915090279663,5.85693134473673,4.7741562178058,5.93997340063705,5.81153812098582,5.38530330116891,6.90317800445036,6.11232466194306
"Gene0688",8.30825921395468,7.62696115837283,8.17044662143181,7.75879181754814,8.04056797471802,8.03909990086165,8.51743635728307,8.17294265983729,8.42805783638662,7.87303875362938,8.09380795875044,8.00291910843527,8.31010137256461,8.52824901459387,7.7328390452898,7.87210645775635,7.88374559665662,7.52982775650199,8.26864426757866,8.13853532699206,8.44416189180112,8.0918582555476,8.48308438588176,8.41306791468999
"Gene0689",7.35416701896297,7.49064516650945,7.16986465100544,6.71949150740855,7.00335216507243,6.62165502711393,6.50469225163679,7.10085507186186,7.00159578236063,6.67835948782571,6.45775264190508,6.2575356196817,7.58950147579667,6.41902549384567,6.88835316901799,6.6780771557807,6.29103438769055,6.63983889602015,5.55587262852789,6.9050192592054,6.22982906516394,7.48853781751043,6.51447759887776,6.71892023724815
"Gene0690",9.11231570831722,9.96636903499856,10.9845518876374,9.64096805039985,8.59551610833234,8.55378785097756,9.65230499853867,9.26350162498702,9.24684920079497,9.2426580526895,9.73031164503283,9.50127962884842,9.32305839079905,9.57282120005229,10.7090474250465,10.3870560624474,9.5750097120129,10.1949182878755,7.64190468391411,8.52454428216287,9.62222106677201,10.5955284395437,8.57304861478478,10.2140979614573
"Gene0691",5.27717942884735,6.13821946371686,5.43799569027909,6.42941870396619,5.28079919437795,5.39664821078204,5.82516101545204,5.79822178196858,5.81286180936401,5.83021536269683,5.33564690440058,5.72511218692232,5.84460910315558,5.84125398545946,5.9120866208999,6.06647716362365,6.6234679552772,5.78559776544892,5.06501203853881,6.1674886546525,5.28943664674498,5.9137044340127,5.60760523996405,5.5618089915162
"Gene0692",7.03510430363469,7.3826150624352,6.23716327749772,7.96259076784787,6.12838765426603,5.21986872429815,7.16402533834643,6.53997952803416,7.00447727028252,6.41520265010264,5.84600173797896,6.74886501251842,6.74298285909358,7.40720390210675,7.28210221988449,6.54741151960316,6.98834902653901,7.00951077911061,7.04032976329349,6.86976457217175,6.89032509077438,6.30547907806452,6.70609818536084,6.35889514887185
"Gene0693",8.63652496996275,7.81202970109552,7.08695391930623,9.35961562843664,8.34152414786082,7.64930532713641,6.6772671661349,8.19627955866799,7.89328391625177,7.3626804354774,9.30020946510816,7.29926833924014,7.82064376248145,6.78955817785944,7.86607082734526,6.99771204012864,6.87225744561663,8.95834178598982,7.34581506053443,7.88384346414783,8.34793644763196,8.52906202197959,7.48909516738051,8.94731193913479
"Gene0694",8.31305007083317,8.64558816461859,7.83827864108242,9.82204336795136,9.55628908201144,9.66738719625005,9.35132692288505,7.05069996813776,8.57769751469789,8.25698161782644,7.20138927215203,8.4168818258084,9.92800649087584,8.01789139157622,9.28054970790439,8.23701286669073,9.73051449664557,8.13184243770451,8.8417217366594,9.82566439032779,8.50939387787287,8.22176104071261,9.12172323122955,8.94178513664132
"Gene0695",5.37756741175984,5.39310463400695,4.52605843927394,5.34760787002351,5.78992584577654,6.35930049298636,5.07206093524466,4.67115641565146,5.7939993717459,5.29341321234878,6.40270328336364,5.33462935323512,5.26445021383453,5.79232602235512,4.83237599380042,5.40503421737932,4.71561613493887,4.88779216952164,5.42859307637149,4.92327309052799,5.82522351872318,5.79737831390539,4.7583825702972,5.59222502462264
"Gene0696",10.4648474351198,9.91977688047863,9.96638408011732,10.1658809656046,9.97073780047397,9.96916610210841,8.28796648268878,10.3948717684109,9.57349938560275,9.42850563548264,8.35773564438369,9.58432611037232,9.90705065086294,9.01270827757934,10.5620817334262,9.15627774038183,9.80660195339246,9.58029330452422,9.87424891735646,9.60364849434493,9.45222521709224,9.12980046293443,9.77671250359528,9.63441620174735
"Gene0697",9.3010549081699,9.47584907825181,8.59724495695611,9.23936287415209,8.41613468096444,10.1492985586975,10.068444913667,9.3252671107782,8.52189823211026,9.26164223007877,9.98445892151553,9.71422671029829,9.79334510478037,10.5101227058432,9.65462334315362,10.1351117091667,10.0687542860934,9.29068410199723,9.39718780571279,9.8932145985019,9.93464673317995,9.79240689803101,9.676296579221,9.27309437441215
"Gene0698",6.47824500153737,6.67855247359754,6.69689244244553,7.80136590208331,7.13352660732438,6.56123359185493,7.86851764142283,7.49448507247218,7.09798587480129,6.09224537584453,6.62549383731063,7.89080929365075,7.66971095306409,6.01865308544893,7.7725584452507,6.12621395488759,6.30479611552874,6.4984094702721,8.16559430912613,7.7460421949932,7.78433932268338,6.8794567396195,7.38143472103039,6.26208280423276
"Gene0699",5.55673497289142,4.5098028017006,6.46774089609791,5.3970152898622,4.47147952846942,4.60748118873718,5.26507644915937,4.85364031825541,5.04051013511668,6.10894594471181,5.96402195058566,6.35926417040481,4.07216303322727,5.12152338101909,6.102154784055,5.6867678872635,5.54394535941487,5.79900404096507,5.49317556178796,5.13972226537649,5.77909538804036,5.3056553654105,4.63976384375387,4.74703655854908
"Gene0700",7.26011140741677,7.89972608043614,8.43794828457903,7.97482096528265,7.20608970792619,7.95836177967251,7.60810446285713,8.74907523045559,7.62163858364775,8.10396867387676,8.81167537712243,8.12358524917948,8.32006274050269,7.41533534941114,8.42535804222344,7.40479413338742,8.33522865875645,7.72122238729348,8.32181471326293,8.91338512132037,8.00608212057344,8.50255633796379,7.72646218192158,7.8733183585057
"Gene0701",4.66404842707591,4.7960522450064,6.54507895224805,5.3283940899236,5.41678237503003,4.64730408197988,4.67759060706831,6.75360312385655,6.18640194561382,5.98199509493556,5.91928550556765,5.28745006562236,6.61615055958331,6.08526790694321,5.44803118119102,4.6694016681433,6.96929322785696,4.54645375641829,5.04696182076101,6.000697941939,5.20145979590658,4.62469292971109,5.29624178165156,3.83696010587312
"Gene0702",8.20544084580653,6.98434533722459,8.49088411363501,8.55720574358479,5.04902183379424,8.24185705901577,7.26248597460543,7.00427319047805,6.84410639568235,9.86477702618052,7.97903264111752,8.78208069637459,8.85061688440819,8.41751874789935,7.74560934816983,7.62506772501587,7.7077874018313,6.47484427519418,8.80338875530299,8.27475171301857,7.97610328694076,8.20440599867837,8.30241870261561,7.6011187752066
"Gene0703",6.87640903514416,6.74908840528423,6.46094792002934,6.5491019624374,5.69283943568063,6.01080808381198,5.84173645610842,5.40165562787407,6.52119157235779,5.56495662716527,5.46601226557119,6.36604059245877,5.13941167552367,6.78407084440367,7.11657228895117,6.34511334628774,6.81099239783874,5.57514817642661,6.3233556546147,5.54974159264416,5.94330334957942,5.64738582965118,6.47992286002689,6.86574631849758
"Gene0704",9.44404441526509,8.73095269958452,6.1835780769134,9.72630791529185,8.90510114647966,9.39938310106575,8.13139823830943,8.73154909960092,8.39257138896294,7.27506929738679,7.11567208514504,10.5157829053379,7.21152784499661,8.42474657376835,9.68012659100055,8.97400669189889,8.77885320936383,8.60831475333778,10.9926713441188,8.13465499030774,8.69811854387633,9.68812822436373,9.13886210356602,8.89372132132509
"Gene0705",8.21705485326703,8.88892820035123,8.32765761369876,8.84733462725661,7.60682453911424,7.90398764291704,7.79441325441388,8.22623571018725,9.38699320712992,8.43222925898016,9.01079200705624,7.12623874152763,9.73521214061758,7.89889467741891,8.95854032013107,8.11473869046558,8.05873568371767,9.13551057439189,8.51168322614846,9.33404269184283,8.52145904151345,9.26729115843902,7.95873978843153,8.15261495708308
"Gene0706",6.11663833351794,6.0137364460905,7.14295070614973,6.28223486476338,6.34477416876502,5.79683149306328,6.18234405690986,5.05951514530219,6.30450962937952,5.96951742234539,6.00499491059572,6.5583102925292,5.72650106294219,5.45703607993121,5.89268426236964,6.41258546206277,5.63553523173933,6.08344857246782,6.58507966955966,5.76379715035622,6.16726932758865,6.60640768826388,6.09646305462429,6.23846603083917
"Gene0707",7.21786802152632,8.16734541128937,6.9686088451413,7.66551502666564,8.02493014471347,8.05214308057405,6.58787214932886,7.22076504901038,7.26660683465081,8.34185749658156,6.10749425602795,7.62599442376735,8.85447352928434,7.00165137788764,8.42350250648606,7.89701120261766,7.38633389799739,6.60043844037536,7.83956439988244,8.20110507704641,6.61116422135076,8.01766205499037,7.57650892149815,8.62600666859504
"Gene0708",4.92164540989407,6.31836230380837,6.41635565296574,6.54607760448468,4.70851124287464,7.7516119108161,7.88330186604317,7.36631096444918,7.22539893074551,6.61557954222606,5.94019704720095,6.80951631038464,6.57101756732536,6.6918065842776,7.49682357771828,6.39802398359325,7.10951860177246,6.25913202182933,6.36811375243918,5.55076774962605,5.97895461314376,6.38959018122947,5.79916475026577,6.04559755776348
"Gene0709",6.37932603679593,6.80392958317647,4.0936486239957,4.56358686047546,6.47862645875509,4.67565038979347,5.79179297127155,5.29923892600447,5.61357291702013,6.1030039822303,5.46167801831182,6.71730556458895,5.38626338452227,6.11087027381792,6.56040894658171,6.98410865337382,4.53178399292766,5.39696754438525,6.66334992117329,4.57919753847428,3.85387969824491,5.31188575439753,6.65762756402022,6.55914009266913
"Gene0710",6.64054520719419,7.00691089652281,7.13742488438315,7.29016857988601,7.32699117822966,7.03063804800873,8.2186420965485,8.40786991661469,7.08692678969272,6.6687582369674,7.38465369030654,6.65074311240567,6.59130232558136,7.00684129168155,7.2801006892002,6.14204310506029,7.04149822934877,7.69583622218631,6.68741001138194,7.26555612557124,6.83247001209052,8.34483016858556,6.60125519463754,7.54438717260806
"Gene0711",8.28085470500695,8.63867600514811,8.50200016503918,8.19538647336841,8.47151789416234,9.02357458222883,9.25613283366386,7.20022890835349,7.05257540615831,9.07455070352771,7.57413820551571,8.32730100249306,8.99219854935714,7.22756105940118,8.06383250723629,7.80938522847302,7.50631363344137,8.50954228848945,9.03507931984273,9.03520159882956,8.17883154268909,7.29005822406395,7.66736440854936,7.68398313059591
"Gene0712",5.8288038630357,6.26831529971802,6.12268328569583,5.76183254398409,6.10170925022444,6.77872183510273,6.91749756450062,6.64831327939346,6.56030509065745,6.11168246239503,5.93425995177441,5.92451200395615,5.93215576354054,6.53114008018754,6.23813767461921,6.432220569733,7.14005902081947,6.33783940761447,5.86556514232781,6.11703279266762,5.83698693990151,5.70322827602532,5.78971899955179,5.45608773127997
"Gene0713",9.11969991954614,8.21799562326276,7.74064712240523,9.69047761464389,7.96826412967674,7.92786464780429,8.35617070960646,7.58009341045211,7.31024975894655,8.6896734914457,9.003686612381,7.91917081449634,6.93385262416018,8.30387399141387,8.39905247415585,8.13919775184786,9.27374212006489,8.32912616947218,7.8558465624322,7.74312940014074,8.03799315073247,8.91615402198486,7.27411850765511,6.46385240710896
"Gene0714",8.23753573760577,7.51214547955115,8.19270267067208,9.64516280851606,6.33256222822146,7.42682711124292,7.70986792358349,8.20775016591357,8.22131104399454,8.95638309793531,8.10548595668628,8.3111856002309,8.33280802937265,7.75450263574001,9.51318290963298,7.69220170074942,8.19642900631006,8.56843829498684,8.72155298807031,8.09064452961993,9.18290288788135,9.71260076612907,6.7433325929034,7.53742942465984
"Gene0715",8.22303232408765,8.96765708598732,6.80087336661233,7.20001573146741,7.0727399315558,6.89939179518174,7.24556399122892,7.62843122370917,5.89682927394646,8.49546955972577,8.44518334651201,7.77025175443188,7.96978209015273,7.29494323817803,6.76832425626132,6.33138519797134,8.20850288297675,7.3946560833407,7.69149667345686,6.06810185395048,7.66373797607991,6.5104302761449,6.20406651861953,7.4761342638232
"Gene0716",6.30292644653569,7.14035359701897,6.442145736158,6.95014661021098,6.36143289986964,6.72900668315941,7.05664834342926,6.65239561179817,6.61630207383337,7.14875474107724,6.79535870573195,6.69703917447288,6.88081507146413,6.79985527137366,6.64471995063426,6.21058314104353,7.47513304584687,6.6955328220816,6.94004760595872,6.88222535880126,6.94985641075327,6.82970346752151,7.05249582640182,6.99930002818078
"Gene0717",8.88362451699489,8.56186240958984,8.57118593640605,8.70742687308213,8.42297296700596,9.21822241699713,8.8442790906788,8.81811172683943,8.82307221708544,9.61883754500627,8.08608678191144,8.01718143804284,8.2572000845388,9.66202748060876,9.90817488874197,9.17166363406888,9.00287870493568,9.22260795334656,8.68779618392997,9.33099439775041,8.99184460277724,9.1788651514856,9.08361184024166,8.87912932478547
"Gene0718",6.19560965313358,6.20197154287446,6.47382634019115,6.48577280648155,6.62346839641994,5.61388794154032,5.83224002840098,4.93823423946693,6.21907765067296,6.72468418135373,7.87576819751928,6.17049940083831,7.00960251449543,5.28539332397833,6.47297411997179,5.83282753786491,4.23720349480408,6.66150062406194,5.67670430293034,7.46655370345777,6.41476946104926,6.29475776894149,8.2528020521275,7.10250462163455
"Gene0719",7.45949428460044,7.69467798041774,7.05130006060291,8.10890224209643,6.12299340284284,7.0331414815244,7.38292495816882,8.33142014561921,7.46271327950391,7.90788938135905,6.75150445384627,7.05115343527312,6.79506622373313,7.7424572521456,6.47029760320726,5.30914408147342,8.80636330026357,8.23289295336126,8.30018181994689,6.79065288007385,7.99808750825203,7.62701111888638,6.29157681227646,6.59491575958662
"Gene0720",8.03199122104904,8.57026140707633,8.77009197773971,8.43928161102819,7.41408094189342,7.41296912266814,6.47159429261918,8.15285243067458,7.44359469271869,8.51772530742452,8.82079363363125,8.42779282069047,7.77891343357641,7.21398439642065,7.37324410763605,8.7731577492063,7.31462912839531,9.14890461948958,7.75740049840584,8.20139593484355,9.14377145624151,7.74557286333508,9.16930229492412,7.64622311083816
"Gene0721",4.18981841731667,5.61198211147505,4.99588429271619,5.00780119158713,4.8880980368207,5.60507254113785,7.10321728392371,4.42613951924036,5.325913135058,4.65763290845407,5.67096303714346,5.66204374212062,5.22062728985822,5.43322335461476,5.03839738815613,4.31629638601211,4.47660116322239,5.33258282517393,5.56079575593803,5.80211912249496,4.60562787229453,4.35338545089232,5.38704548825348,3.98550250119603
"Gene0722",7.77050926313855,6.86639123245813,8.97985494571194,8.6412882897013,6.8363643940193,9.27290187985954,8.2836845298308,7.08208827250552,7.58999103288046,7.75400875690142,7.60304486485966,7.18645201084583,7.22761353591434,8.02085692868193,7.44347351457399,7.92941345508039,8.13145366182668,6.69469010315846,7.50285109021258,7.49518397798964,9.11766018086103,7.76229651139859,7.04808044087696,8.36036886925995
"Gene0723",8.42521205625734,7.82179201781717,8.56989889468378,8.39027647245596,7.71597821669726,9.19243776312557,8.44559840198994,8.58732482347254,8.76680278324915,8.64847128304471,8.5658821447069,8.42484947897459,7.43801598428323,9.38692914547446,9.02909406549402,8.0140067822162,8.45722884589597,8.42270428791206,8.8789433683078,8.5337740580941,7.89129408451952,8.8527899581244,8.96543329809608,8.57982119941523
"Gene0724",6.26605169894411,6.34538582180337,5.72567785457963,6.86592829782353,6.33799613222846,5.40660652570868,5.27165529584568,6.12543999744395,5.98471647095153,6.49681680134,6.50242413092084,6.4021877055846,6.30217598502099,6.6821557691889,6.18688616014181,5.69007853804764,5.97238689318181,5.61231576222456,4.91509320257513,6.09848671990847,5.34194006740849,5.57860721121187,5.49159361029875,6.12935436430433
"Gene0725",7.47146480836569,5.43252421730546,6.27725920123876,5.83424100333525,6.95746239266712,5.59727003327307,4.54742414092818,4.56460575425241,5.98422528842283,7.31488020843962,5.70265715111061,5.89361921123607,7.15237567938861,5.85493449342913,5.85820368216195,4.37018945733433,5.10874051591069,7.27386333613224,4.59575952726078,5.52693960051872,4.52173632763212,4.68181761650348,5.03899617873408,4.81250609422109
"Gene0726",7.01437887307436,6.5424344018991,8.42452547690906,8.86385237706386,9.17738138405535,8.34333722698922,9.33725731337764,8.83151603969647,6.32263934677607,6.90495635397675,8.03469165460312,8.13113920196986,8.84047642466161,8.10888903838759,8.57823370674745,7.64848712459137,8.29966588315889,6.65779555319017,7.6365141530398,7.78529250168195,7.82760201303395,8.33085711017219,8.76746228555114,9.00766868786848
"Gene0727",7.12393598574965,5.4037451346845,5.84012295369138,7.81896346100763,7.24899113863871,7.20547864457554,7.37333360199761,7.74365487995938,7.09838229390717,6.73511400454301,6.63456754891001,8.73643928702855,6.08493581401529,6.84308189220634,7.01254769983701,7.37885866510364,8.81430933275244,8.11043190421273,7.4279490676432,8.09285771959226,6.88637603175434,7.33861412327098,7.50777351846384,7.00643636987111
"Gene0728",7.15518477307982,7.11186778738683,7.97341949738384,6.9413682230958,6.8095996094976,7.56758068426472,7.66904563715446,6.43327646858722,6.90127420484979,6.88565256862368,8.62558089874724,7.41604637769189,6.4569846621401,7.03051846779886,7.1071119043416,8.4574745699893,7.63705138225673,7.5497323876318,6.95714039372759,6.72324764814482,7.43705895970027,8.19052905580764,8.79654677148671,6.8543705184073
"Gene0729",4.51407483824075,3.8950094211523,5.53617202808907,5.40368037367907,4.60285753640064,6.6487040312041,6.30326139440912,6.00299216794202,5.61596760493528,5.54304772752093,5.53982696711245,5.91360658084624,5.02291444006513,5.63106625194194,5.8626768598338,5.59195302038769,6.3627359504554,4.95277715699521,5.28343894685394,5.44287872306606,6.19599557942492,5.59918327251545,6.75232804708175,5.83886618683848
"Gene0730",6.35729815825751,6.93583500045801,7.61878817087726,6.93539196019504,7.83226843212272,8.09177430088574,6.41607934935573,7.32141684065496,7.80201221608444,6.95860524469407,6.84801445491154,7.08410899959525,7.18544331752429,6.79502751932409,6.91852349971922,7.98245964660891,7.75145823022468,7.07430432884724,7.15744981956378,6.61664292008519,5.97587188212004,5.63507644403348,6.42114061904236,6.78101651791647
"Gene0731",9.29633788884142,9.20153293480364,8.70423843732525,8.36304019557289,8.91922657789138,9.0855282359838,8.66399295528429,9.04837100907334,8.57044899143173,9.27958447150965,9.65526394241162,9.20088750838072,8.47896885166824,9.36915335224344,8.10721357526081,9.40857489641518,8.23650934733027,9.31186310431757,8.8083017113793,10.0576515853424,8.74113983921291,9.45797547159436,8.58415838863373,9.00223829857837
"Gene0732",9.53808366391999,9.54864409717372,8.65193742392195,9.38037550226321,8.94831401945168,9.78219183479237,9.23289104828811,10.1672916042349,9.42550411391712,9.37428729573137,9.26084861356368,10.0221084268768,8.79258855095753,9.08089065049439,9.12915337887636,9.04889229849642,9.33114064421865,9.43510959787651,9.2842684063858,9.05047214416392,8.42792882848465,9.50447773589706,9.95665943954829,9.41628549211755
"Gene0733",4.71063342072796,7.16613937088749,5.77485934055205,5.82148084317441,6.61733936255891,5.80801588528011,6.06728814149353,9.02391256364053,5.23034329248773,6.05260399636386,5.67734223227595,5.97950928762646,4.97741788595091,6.81102553330411,5.92565849197812,5.40260396587592,6.43393702247577,6.19049032532215,5.86837705429199,6.1658200964338,6.91557374606199,6.51406015041374,5.95389615546622,4.93410130862421
"Gene0734",9.58096912858075,9.73796369907227,9.86488849240864,8.62667424976718,9.18155725741667,9.82001602094775,9.99443132914238,8.89274093956903,9.13597694034366,9.86287591666962,10.9311601325496,9.29660648535868,10.303612736962,8.63000971062765,9.16561259585842,9.98176481590365,9.84479004963077,9.11845807828505,9.79069553684329,8.97546414317604,10.4044899559313,10.501538234802,10.8270584099046,9.49686416478321
"Gene0735",6.76026116303807,6.81959941190764,7.61221390137624,6.77908757153507,7.59363881277882,6.86946535786973,7.24226934181222,6.61577240510718,7.20758472017649,7.2318277207249,6.96949800200993,6.66626074005984,6.99915343449335,5.88094790636727,7.27635506901273,6.98873297656007,6.88585734541039,6.89764743127412,7.05034427286065,7.37444569267345,7.04941553221499,6.9619981014258,7.07151962878109,6.43076419977702
"Gene0736",6.5303932909564,6.34851926607272,6.57532098241365,6.20436528770686,5.9203004963078,6.26721460917516,5.3102334033342,6.10191050407176,6.89228491738115,5.27579204679615,5.41659112500832,6.15876189447157,6.85507360357134,7.86386277507603,5.62109725958037,7.320036492365,6.38609143025805,5.66511574215212,7.15007052220759,6.11128890762671,6.84504977051326,6.84534706053844,6.40616712891064,6.45647062683147
"Gene0737",8.43971034729832,7.85069055675735,7.20718007939074,7.55719316427033,7.79982548283452,6.61862457294823,7.66403987516351,7.6513967625927,8.7647240053563,8.80055272176839,7.5676302330364,6.41804160647336,7.67771863389719,7.24061856072314,8.76214896553826,7.46174421073616,6.76359553233434,7.47879117099987,7.90081329836353,6.7273724102313,7.63916083622124,7.16516331565598,6.84594080862954,8.15305745932242
"Gene0738",8.30700808428983,7.58758031005283,9.79089170363311,9.74119095890957,8.5729461950214,9.62537829542164,8.92965286221916,9.10726732775119,8.78821434709656,9.45982676486418,8.7743479410958,9.28569213452784,7.89808092438098,9.64388358995504,7.35623707906428,9.68868557275479,8.96262194619027,8.00912791903487,8.27893342754418,8.81414533575795,9.75259793486391,9.1386836429708,9.75630162152049,8.48554633189013
"Gene0739",5.9564645712283,5.56651437341869,6.63190541956099,7.30354963304688,7.17679181675314,6.25759427805869,6.26284189084083,7.04343645542539,6.0666206697041,6.89880025788449,6.15840098034867,6.29727677289818,6.61392624326008,6.74672915373583,6.1447442665189,7.63480010991947,7.4020624272433,6.7023174887366,6.63540243140067,7.0641521014865,6.37864068966029,6.2384270818995,7.12665313361042,5.1144925886125
"Gene0740",5.41022369879161,5.88791584864385,6.67406369037903,6.695000413502,5.96184939281278,5.91201004252154,6.23596083058468,5.95626274172975,5.93350637634933,5.84928711306424,6.18245101471972,5.29194775384702,5.96653865862945,6.35420275326387,5.49421675134633,5.88192907742731,6.07760026538078,6.55053650597279,5.70278836379848,5.82162689554178,6.70599195656351,6.56617135292772,5.56208670294144,4.76506677462614
"Gene0741",5.77424973376938,5.52570962318631,4.86701332152205,5.53280131702152,5.34736411689758,5.79617797911153,4.61409498854118,5.65502235718723,4.53274394299922,5.89548197121884,3.94376710038478,4.85314380055266,5.19193974870633,5.14903671527471,7.05689922341024,5.14992230239828,4.88711668767206,4.74793910941598,5.45941082537473,6.28972052379052,5.50005136851563,5.81254141158167,5.18041496225126,4.85351351779344
"Gene0742",8.91379210220329,9.46321188911922,9.39953826675381,9.23046525188849,9.33415763688403,8.65740183369676,9.13165624755922,8.84398359525945,8.95191809986092,8.86699943503232,9.27730752657516,9.26932731147594,8.4049830290805,9.28086331055142,9.0696309499344,9.5262558721509,9.39836602551109,9.02142641760792,9.29351445151053,9.25561102921749,9.91327464678377,8.99008672015636,9.61780673565747,9.56430449371418
"Gene0743",6.63218907936314,6.67929197282099,6.29615561365983,6.07439769400098,7.68967639790562,6.11039053524459,6.19789022882341,7.7630608919436,6.53493221368224,6.38242597594038,6.96919860159423,5.66133985077243,6.37273815939299,6.34444109476524,6.30215597487928,5.56415429753732,6.69589555746406,6.09985659148031,6.20668792593358,6.01487351506172,6.30566720314331,6.10049766009439,6.48501852249503,6.19446553296903
"Gene0744",6.81849502665573,6.41046499697029,6.03891753039967,6.26266563236179,6.75104711771476,6.41563269612111,5.89713709288569,7.29823724324044,7.34752278689165,6.30367024541078,6.53227444110326,5.42831565653427,6.72464832794546,6.34001412402446,5.86902682255749,5.43619034150215,6.46142966149415,6.70539816547551,6.72432915621645,5.3085104014774,6.31686425082182,5.67919871074723,6.08623503913897,5.99878503714131
"Gene0745",9.58513126927413,9.70619844019841,10.6247262058159,9.83254308066504,9.50003307342185,9.91245575161153,10.0490682250231,10.1436673764015,10.148640392099,9.58134737722883,10.1297911470792,9.02134513551197,9.80219284401669,10.5591636066843,10.4406024285796,10.2945920916236,10.1946491791033,10.133867237866,9.91454642626109,10.1487337560024,9.73014438407281,10.0650568151936,10.1140466289143,9.35392952882605
"Gene0746",8.49677106517271,10.6807333983149,8.432584242816,9.03858252456847,10.1529392234107,9.73574781087358,9.19826736888191,9.50509814248556,9.92209442428891,9.65664729849335,9.2925361045888,9.66714563479068,9.91489296741174,10.6233712036305,10.4626096051023,9.5089849398133,9.73029137102005,10.2591599519165,9.43295481774317,9.25524770002479,9.28658402905245,9.6412194518635,8.84982653133824,9.59905436550896
"Gene0747",7.05342770761489,7.27583398917465,5.29526416653873,6.9493833743342,5.96587613367714,5.00571322269976,7.69740334288519,6.47515759261264,5.22713313651039,6.00802901838423,6.8599316933589,5.56248502563879,5.81532593614349,6.93191977877991,5.73438250493979,6.3713608442348,5.85015508797856,7.53987558255802,6.961710387559,8.38822495846102,6.83185918889864,5.70470340053709,6.64770592745024,6.90811071749225
"Gene0748",6.7502212341512,6.40322070265812,4.56502544021385,5.96267874089302,5.9493921869338,6.38915378367846,5.7934704471714,6.25591324833742,5.59299997557488,5.85086410932722,5.45266237357343,8.61810993939052,4.58123099065008,6.08465049284593,5.21669340572349,5.58669713542247,4.92139493899901,6.3888295652488,7.22276559019613,5.70603205048163,5.97072186223556,6.09934966061904,5.59758784759253,6.00102761543896
"Gene0749",7.07976829563356,7.60414928069409,7.19595688716237,8.11178321446963,6.85873111204871,8.01205575849135,6.97313194701282,6.59304046741104,8.56241746777144,7.91469828356428,6.69105234974734,7.5889319856206,7.22424620968096,6.75266938094746,7.64390447583126,6.99725835642327,6.62146454178746,5.44968431334586,6.5349076503866,5.99039554471784,6.35410844696171,6.92287503309138,7.34038094954192,7.43908720315616
"Gene0750",5.68074090848221,6.91366423410434,5.8544528244999,6.82261171531386,6.93897641913866,5.60592923981708,6.47788071280794,6.39344397227523,6.57854829158767,6.7231277828069,6.13731091076464,6.30874531771155,6.08261131647969,6.46740602449998,5.45198821047694,6.66843356680996,6.88029045117122,5.75525568777225,7.06477693004305,7.03731417281592,7.27505491756418,6.88605676053117,6.39022912499795,6.25530107466355
"Gene0751",7.10270926977196,7.39357307914545,7.39017594892254,7.04228093503295,6.79213873596254,7.37972144541637,6.90711492504601,7.42326951899239,7.17454397459,7.28231877153352,6.98760587148049,7.76210345428757,6.70816767459993,6.70717556450796,6.45022104230241,7.24915736499783,7.22998999705721,6.98188449484923,6.84191815533121,6.96661619805466,6.11888965677079,7.14053669486686,6.67276367345585,7.07573212604417
"Gene0752",6.24905014526545,6.05563443496693,4.83030475840247,7.14560580447748,6.96798467718696,6.16529963429993,5.47896859237588,6.1488012833732,5.43587809841911,5.56558339559884,5.22077939787989,5.64484235443199,7.0550979734202,6.0827553297212,6.67769310236666,5.6186467799034,7.38685532093643,6.02564369902189,4.68679698871663,5.49037671262886,6.1068174449626,5.40581396172532,4.99319618951311,5.68709023585445
"Gene0753",7.7675085255294,7.81279251501128,7.03109152484056,7.59015990505816,7.67619663301088,7.77744230697603,7.04888853487678,7.56488874226281,7.76112646702865,7.32632262640749,7.06395756974082,6.45249548823103,7.23660307597493,7.33946893656875,6.67577941025067,7.10502625550785,6.50866200431092,7.19104250857021,7.9246111153785,7.26054190912813,6.28935095130814,7.29176187961281,7.25420649314046,7.14129884685753
"Gene0754",9.19364936658325,9.69891511498996,9.35401281991994,9.68830999666142,9.05884944877898,10.0560174372932,9.8227660575496,9.37431593916699,9.74367858094117,9.98008066650197,9.76254498987825,9.29272441385434,9.70016734969954,9.75974821615981,9.59860514731326,10.0395052991309,10.1158191509469,10.0263075034234,10.53312959095,9.67430105017147,9.31046885060013,9.86746847076636,10.0476803478671,10.2797785764352
"Gene0755",8.74311546621996,8.77131721245533,8.67475972207814,9.35745625944295,9.00695869305164,9.55924101594704,9.06393882249915,9.2676967207838,9.18624897671691,8.74145872309803,8.52770017572109,9.39220972600197,8.88071892508446,9.54816897643809,8.98055208997544,8.32135768070145,9.10350063084973,8.70610944159095,9.1003433637524,9.19996439753744,9.49557615865699,9.03885166530375,9.00377866145678,8.86772922018836
"Gene0756",5.84512074998978,5.85783453685763,5.93153307856996,6.25558580203141,5.48743768040194,5.56761503371108,5.40773616064821,5.58881005658002,6.00126936667218,5.61916129408549,5.23208083690064,5.35387991165911,5.93602490164514,5.12799469800486,5.74750736469064,6.01829385179607,5.72539257174013,6.19049371454474,5.60746297007726,5.62619785192695,5.70191149900018,6.46892396595037,6.02046395299268,6.14110104436528
"Gene0757",6.32641655681463,7.4894789955693,7.4149386204489,7.42321020059495,6.33226483019662,6.52029710197908,7.27096881633811,5.46326276105334,5.45232600134259,5.53023664224122,5.562361315128,6.9241700114198,7.47611109279916,6.53536436328043,5.92791311512324,6.3632587146857,5.23211323414505,5.72111669644858,5.66772916697469,6.73230068273276,5.62878263700394,5.02968229706727,6.46029467344508,6.73713535069515
"Gene0758",7.21966371245097,7.5250566116548,7.31086534792123,7.72149022297477,8.24146492986621,7.79142682428116,6.8928049078089,7.52405946199784,7.05556170661587,8.20135890924629,7.50575696041756,6.31030524848737,6.82336902642708,7.37651900039298,8.75655953784505,7.31675165632613,7.34370189667389,7.36698836958036,7.08439561771674,6.69706659714189,5.54292914430428,7.41410363438338,6.96741870976088,7.94987609093911
"Gene0759",6.42747646530124,6.37498104634371,5.90236746392348,5.88267614106534,6.52060969403434,5.46592793344261,6.93601089941343,7.44970168122186,7.61247561753085,6.11951594733004,6.97668198386338,7.10520494696543,6.064430696242,7.44285337177956,5.2867642644901,7.03461036140032,5.71866496088137,7.20487181100486,6.71770852051894,7.03996413432206,6.96182868297721,6.28848442209924,6.95631925272381,5.81038657501934
"Gene0760",6.9800086374675,7.13111121381075,7.50592390079712,7.45766754868439,7.61488636545009,7.56076614141306,7.10104076663103,6.80610256051702,7.21751186044681,7.07857432293456,8.07981260294952,7.8189182626063,7.26214280196893,7.57073481822011,7.79668443933549,7.62102960924529,7.37321307612137,6.4370333213748,7.63270369467681,7.1036214658099,6.84585317290448,6.80244652826137,7.30533484675097,7.48560571840693
"Gene0761",4.62894860538612,6.95341028161448,5.60359462970123,5.69069608336912,5.96729299604614,6.78436690052132,6.4537251644324,5.3556283439895,6.33854987160548,5.60834490046912,5.85747922426484,6.09374020164733,5.80957710974225,6.43827827216846,5.7850138957441,6.8235712534961,6.0550890866145,6.45527537451365,5.59119578761461,4.94404992026532,6.00316098694952,6.62874250445852,6.06701634972356,6.28509804508555
"Gene0762",6.91194754041142,7.12934966417012,7.37469011148206,7.47695090147402,7.24130433482833,7.31041387955081,7.78769844736218,7.69945898442546,7.42450840185512,7.41673435799618,7.3506067592199,6.99568294860909,6.78872892574871,6.98948104120483,7.23071657698261,6.86797556874119,7.52764356690693,6.86495692485836,6.56117895495468,7.74851671835749,7.11497164144906,6.71022001191459,7.39603025051023,6.93433898857577
"Gene0763",6.9128984070657,7.28372686404124,6.98551364454419,6.81002695431182,5.28476970135771,8.27374638006008,6.90612587273882,6.36180863735365,7.31172777105055,5.75623876711097,6.9944977879086,6.99336256933513,6.14537943036692,6.97881668025771,8.09559446009352,7.05982426425413,7.54508705345247,5.98969994770893,5.87746977993077,7.44068675545329,6.45362388719501,5.67692379823405,6.73033844084583,7.15404504661013
"Gene0764",9.36480048738643,9.87208275122013,7.6127513009522,9.0525366453581,10.4775133704839,9.36450834052046,9.22893873696834,11.1444499908612,8.94755514112002,9.92682308534377,9.61677773807517,8.39961493255672,10.093990758666,10.1560176796186,9.05558744332294,9.64364667520408,10.1893948847629,9.37154243227816,9.47711698860871,9.31262068796284,8.33383027181149,9.49343485678904,8.05365855323633,10.0615702492483
"Gene0765",6.85965944370262,7.69219183892245,5.77952241741387,7.00447632217801,6.61084220740253,8.35350508362015,7.15874162805937,7.3405961078462,7.5471131092291,6.43596349227168,7.42324542606242,7.18748967797589,8.13465190864012,6.91911039860566,6.64925889472833,8.43943659421392,6.26459881644533,8.88983236092248,7.22329250237382,7.73528077932592,6.56355480677829,7.08348822727096,7.07475362820532,6.68292907229992
"Gene0766",7.56144479047661,8.96008726094967,10.0375776595157,8.8198336242422,9.62852082833463,7.89558347664905,9.85348581698735,10.7911048124957,9.55721048700116,9.18699943156206,9.99568393408163,10.2255563571048,8.61601120924724,8.64345043027657,8.80272338808718,8.79843921502409,8.86993882691713,8.10845123514361,8.91407268410293,9.66866734582261,10.133240202496,9.12487162079648,10.1976801179159,8.0684411039056
"Gene0767",7.15850336993732,7.79777487781418,6.45149369272748,6.70731521792476,7.0511092691384,6.14520751915196,6.18173020834223,6.65460644304422,6.93074766728774,6.98482150179912,6.87376300292493,6.18166135853283,6.72981415376846,5.64600032042299,6.75258905776355,7.27711344643032,6.37693557143199,8.20592623536402,6.60099465572179,6.20696780306467,5.6855866654252,7.29093285583303,7.12484513246567,6.41417933529358
"Gene0768",8.9225118022851,7.61517629759579,8.22941567196963,8.91074889365606,8.12965992042686,8.52393238895569,7.71938018935856,8.64434259528802,7.77603208284734,9.06418361105564,8.21792825009538,8.85374142927245,8.1846369746112,8.47191148598358,8.2293455193447,9.47758868977743,7.14102894877946,8.89555211581077,8.63344283130755,8.58118624927339,8.35536003511135,8.75723907477821,8.70367170325735,8.06209498830234
"Gene0769",6.75747576151725,7.66762060318066,7.02049526383383,6.10661522308208,6.99106218670529,6.27930892817948,6.39376951984678,8.18577842265713,8.28376580048355,7.64403268034055,6.61418290377803,7.23508773583533,7.05139423660569,8.20838955860054,7.08519126606032,5.91540175779854,8.09156291252868,7.24646016349226,7.8032344963527,7.70042307738165,7.91076656998682,7.58492536100841,7.91432666158222,7.24298133824077
"Gene0770",8.37863477488202,8.7141002188383,7.35488084386883,7.65185233979223,8.07558877876494,6.71628947672627,6.91219101517397,7.71208450201016,7.74523888136496,8.08836662163573,7.07222960006329,7.79987550908315,8.4965180121228,8.29166795208615,8.46070532017982,6.84438640395091,7.65086450561523,7.69062760401704,7.64167533120559,8.05155453819109,6.65250816148453,7.56580599584762,6.64941756732014,9.36661589778972
"Gene0771",5.8228000633894,4.67548053342996,5.35008700414571,5.46563548587374,5.40726056932023,5.89011467823262,5.24022000652156,5.52583585621396,6.51663012894527,5.76231144170683,4.81511922205306,6.36145023242053,5.62782677398125,5.29107509053289,5.51270163447707,5.58117248192441,6.58822819091528,4.62891854846898,6.90369080220703,6.22428285720007,5.96260682531482,6.51317877584486,6.67195671781955,6.87102297437313
"Gene0772",6.85133201160334,6.29011501541051,5.29698610087734,5.77491033605883,5.62013644493249,6.42113523994673,6.53923663280753,6.0602921897975,5.76480794198681,5.8863211523972,5.84421915281421,5.78762127409434,6.57057274424844,6.38077497176575,5.60454967546866,6.45969201100189,5.93506083322741,5.9743585901507,6.51841006934998,6.14211240049121,5.89543528666095,6.15845522155819,6.58533553919023,6.49234070386581
"Gene0773",9.23516982626739,8.71702798730075,9.58426860940209,10.2868532117312,9.22133317896333,10.0430212183478,9.59614512892038,8.80001894221461,9.92189254886038,9.97786549280803,8.89095749029289,9.00923578934565,10.0705877627883,10.3962669193588,8.74867800226122,9.50427142215256,9.38384448992265,9.85999314815543,9.66385161893013,9.47657840992884,9.72062805228437,9.20230692680143,8.58308134445813,8.68703497062555
"Gene0774",7.09895835002344,7.9393615503013,7.61658366216721,7.11417702197452,7.43471009816025,7.99061718618756,7.12528903983096,7.86405881229295,7.34539562364573,7.45591402096436,7.0278244133956,7.59086519643237,7.26525583821103,7.32606896760784,7.75502251953624,7.42509618705406,7.36074927947152,7.45444493568835,6.90144468337462,7.54407436101247,7.29431387056348,7.24872693449164,8.08898081490719,7.3237025768138
"Gene0775",9.34682996214473,7.712492006003,7.70422761516963,9.84918350572707,8.03417281145716,6.97512854789587,8.24963580130543,8.03340582369678,8.89687601304211,8.7298899855798,8.46981547357486,7.19583689364338,7.30284172118899,9.06868290199159,9.13526791717562,6.52032393850483,9.04344340379106,8.4989336262343,7.29169255326285,7.38686085021507,7.99467343910734,9.34995603940063,9.53407197328671,7.68021165710313
"Gene0776",8.84660022887009,7.64621895241188,7.90503121034198,8.50627714134848,7.69078567098198,9.21066359859283,7.83231737290142,7.7485730036536,8.09086029744618,8.68985178307739,9.1380713513399,8.5428996313985,7.76384298334455,8.07656030849804,8.8023311247171,8.12694131341216,7.97904635606836,8.7528272374197,9.39586626676046,6.83173072128691,8.16451619379612,8.88071228021176,9.18122551744451,8.07535131371947
"Gene0777",5.5206741444597,5.83102368254119,3.95608915146193,5.25938113915058,5.23099189518564,5.30080484926131,4.19697341822433,5.18900141794729,5.00849115588555,5.48474969358444,5.41206788354821,4.96859531530965,4.73432612707735,7.34164626383382,4.75661514425294,5.03135433077006,5.88628726484797,4.37398767580228,4.69157954779192,4.9312189294246,4.35376187526147,4.9278168985966,6.53775008236325,5.61490998421584
"Gene0778",5.53818741571339,6.05168004747023,5.74248248627792,6.2082979492888,6.98521242309724,6.09520096323385,6.68554649178547,6.13069826412023,6.00428243332607,6.19142982340693,6.06222703999699,6.12346998838139,6.51430618861536,6.54966660432847,6.1245351004098,7.53080480470593,6.82633983640549,6.16833840787912,5.95756859969646,6.64559156794732,6.45540266248232,6.32291421621045,5.5449624632871,6.40721855618471
"Gene0779",6.25969959893032,6.23713207434767,7.16651268646287,6.31677201675362,5.77696902373219,6.41154882225215,6.19599483863511,6.14421929043678,5.80713732629278,5.38274541393275,6.16379016139684,6.74408743691471,7.40646538843522,4.95092266890709,6.21384085372285,4.36615290346271,5.95026535546954,5.58941386759493,6.2130145609561,5.89274725929698,5.2829288454751,6.58858750491842,5.26400097121146,6.35961512993833
"Gene0780",4.66928556329593,7.30523297621592,6.20296306922424,6.658043921194,8.18867989903111,5.07396201249183,6.62822159030804,7.84034111379655,6.67126807420927,7.43384016375866,6.59936605582815,7.39442877291616,7.29782144542905,6.49379320211853,6.79780227410148,7.95740878177408,5.26891327235256,8.54790776522358,7.75028747277394,6.36966412924893,6.23387500915455,7.23511769017892,6.12840917985635,7.39476984935051
"Gene0781",7.70041315205641,8.9252732435315,7.97661249928008,8.93268180561286,9.63963597386592,8.40664526084345,8.71438590135786,8.34796883404062,8.8265630245845,9.40968346298281,8.615151859816,7.69073113198923,7.88309423705065,8.97816262947039,9.13493811186553,9.48575671161318,9.9217131277487,8.56125226341418,8.60344458006521,8.40091251911844,8.72371563268728,9.2716631191557,9.02145345232683,8.22118350608466
"Gene0782",7.53441011299288,6.48692241014779,8.36686571896131,8.43805291421531,7.19408840370686,6.8889985640705,7.83683072306063,8.07505733923484,6.63657968116069,6.95705622957473,6.36904255603302,8.53154036693471,7.35707075124487,8.81010234566881,7.32753272418551,8.62814826809981,7.75965729978137,8.16412437243571,7.70778019305047,8.70227871551895,8.34555256353322,8.01086219741357,9.01005054213813,6.92963730472897
"Gene0783",7.91547073154192,7.99853469042645,9.38986800207579,9.88516662331176,8.1282164373116,9.78882934661948,9.54241268395987,9.32400506881059,8.79537231171111,8.71274435440509,8.74187170154244,9.56278323596173,9.60953467871924,8.80908653655339,9.42180730022011,9.44310753326719,8.49226300862816,8.61319388748596,8.08752305222383,8.72817858863723,10.1300560091917,8.34071099609847,9.3667342795308,8.70601421829811
"Gene0784",9.4581643255016,8.94645882918074,9.44186133065533,9.6738770655046,9.48404064940052,9.34950302164182,8.22835913511238,9.00014234541067,9.03819428049404,8.25148470132475,8.09308423959365,9.0056808363709,9.27568589522485,9.15877476326299,9.47924476257607,9.44952536624574,9.51319867693387,9.71993926375254,8.84802545206763,8.96965070057725,8.90924335239005,9.23168246465583,9.21151161729099,8.88908181291286
"Gene0785",6.56967532391447,6.2688638896782,6.41687571153524,6.72088270783243,6.38469279994885,6.45474507023297,7.10411914587512,6.79498112929959,6.10653820660777,6.22660926245288,6.32644516407845,6.23138263846583,6.71195947319551,5.98812469925998,6.44959848881469,6.84975735224594,6.43315527248415,5.77906337319216,7.10263338880987,6.48067360863227,6.94160424276456,6.10970558334663,7.12390013294223,7.01294052230134
"Gene0786",7.6472495896508,8.46817220198414,6.33247145672232,8.12307154178698,8.38588257736911,7.66420022997824,7.77064949960845,6.41366690492476,8.05616563499781,7.38840262831254,6.91292420087958,7.44622646143512,7.8562705865697,8.37737859345321,8.4611657571319,7.32424384325797,6.84484013420527,7.75702368033964,8.48214537508128,7.52821507343033,7.65391158433375,8.73113897405565,7.30804095879069,8.1429935676616
"Gene0787",4.61638318327211,4.72202815615263,5.02493575343742,4.64874085514346,4.39641446217801,4.91846399882727,5.1228805625019,4.14831917074753,4.57092551342167,5.16013376341495,5.16711758897813,4.99981942902726,4.64270522209454,5.03752775909095,4.10889163995105,4.29045929623098,4.57231659541374,4.94831178674145,5.67477146384087,5.43290598446481,3.75963067957267,5.41469664143503,4.98921456861741,4.91498272659251
"Gene0788",6.40834277282611,6.41944405404042,7.27324128511568,6.94244501432433,6.77477778664524,6.87977926403743,6.19625047301623,7.32503147111403,7.57662117364984,6.33823521524822,6.31516743010552,6.23350128947903,6.70979572773978,6.43762241067073,7.09274301401773,7.21649622018573,6.75456862814418,6.57745927783385,7.71779489313293,7.40530803777246,7.21951064791022,6.57570258741496,6.90869513272998,7.3922488064976
"Gene0789",6.01736954083161,4.96854206568126,5.7051136268816,5.08168242584844,5.24920710777026,5.63639660183401,6.15456926248117,5.01226619924291,5.64771519238295,5.32285456442101,5.21799796669952,5.62427301827917,5.51172523051219,4.78795987779709,5.3953634969936,5.55268431506507,5.77794434023481,5.80833251989747,6.17353376420649,5.34395900110174,5.18692010845483,5.20726530141132,5.9630309517786,5.43096153842475
"Gene0790",8.81171346385135,9.09430326229793,9.51092888865828,9.37979282074005,9.07729312203977,8.49660895710029,8.95354491247126,9.29809098341984,9.2654398466529,9.01094726224487,9.2006681662667,9.13864782466169,8.94715576380253,8.81085950761837,8.64171454546358,8.68906880642857,9.15118191854326,8.81871413214489,8.84430384838751,9.13199759426168,8.09801130833725,8.55599369223129,8.3374743012323,9.56078292856412
"Gene0791",6.96247232980719,6.13202643361103,6.63547441499586,5.60778536755565,6.00509124003526,7.12224677658395,6.43815323561528,6.32549680896244,7.44574322533308,5.53979498449404,6.68849766620969,6.75736600362262,5.56988770786344,6.54396905964714,6.62532218058205,5.89742240346072,5.60863726143209,6.51626328308351,6.899922773486,7.65512358607952,6.53590103846281,6.28149512924787,4.74066225816369,5.93542327090971
"Gene0792",4.56186809230554,5.00504585040019,4.07632370968367,6.17029070709044,5.2334841473761,4.4943398894423,5.9630892538072,5.42003740172562,5.19554774939628,7.28538056412338,4.36533319243359,5.75588457184553,5.98101130892241,4.9642461474347,6.51443490935717,6.51733391580888,5.58687259571354,4.90792997372686,4.03372756840385,5.06811847773328,4.67888243957742,5.7454354916077,5.67188813067968,5.96440603466758
"Gene0793",9.14583013402693,9.38679557995542,8.77019108384119,9.41157376912166,8.96789271724652,9.44567844104673,9.3183284955879,9.77480590973905,10.3266926544537,9.27202579015145,9.09753978849998,9.45712810743587,8.26096978381178,9.45875196375726,9.4243552766422,9.88826751790389,8.76220261871043,9.36275933240822,9.02075076668825,9.52506563253561,8.51753133773247,9.90193124312878,9.59006015393777,9.32737236579187
"Gene0794",7.20617006455182,8.6615858650956,6.59462490338612,6.33406230986252,7.64585324026316,6.70154805019907,7.35224233950611,7.90709563560703,7.05154387244476,7.64779274403662,7.12734984123902,7.05303326902337,7.49905946278531,7.75691675929659,7.59846314393968,8.22546267567162,7.57058140528213,6.9834167808937,7.29893100323804,7.3568276846341,7.31276697254608,7.2490878899317,6.61085804751296,7.77645683611819
"Gene0795",8.22936835886409,7.23801320575722,7.98674422219826,9.33445106433247,8.61711903016504,9.31039320066444,9.22965642889329,8.3055303417103,7.73754671305231,8.26804547453985,9.0330664232314,8.04249501046151,8.73606628577446,8.09583672086002,8.71774390604116,9.15847697273382,8.02863751037091,8.60527248428724,8.17943719299052,8.05036017719962,9.06118032144787,7.46441657262061,8.61859565622705,8.03073817467853
"Gene0796",7.52515907626418,8.35077717593008,8.34454600581137,9.24094098333643,7.35097718093781,8.94724746739417,8.09786018614417,7.62827059343139,6.83188753692939,7.84631570961328,6.57470869134328,8.49327987019175,7.20109919532967,9.02756236896044,8.36510099368882,8.34465016371227,7.37174514546168,6.94679388285302,9.58631864660332,7.45339531577763,8.09135057122771,7.9819880016535,9.2442587397917,7.93371941072354
"Gene0797",7.53817286964219,7.92567370999934,8.53083452429235,7.16299968891513,8.18446929358856,7.00782076121424,8.00460909083408,7.55202769791098,8.25799235481892,7.10148793149408,6.84116779693058,7.90746937683122,8.52817909072779,8.72658487052984,8.00445293884201,7.8690996096272,7.52040029720316,7.98657232920217,7.57930008684179,8.49273921275839,7.91086994558485,8.09382680276179,7.57363788127366,8.3668059875911
"Gene0798",7.8147332416913,8.00476601509579,8.52424972198794,7.5531829180718,8.33431046500497,8.20398344437739,7.56307449788295,7.32904722292731,8.27881236317621,7.72836723108421,7.43786400374934,8.35375208924581,7.6908383488903,7.85014707816705,7.53211350691824,7.41014055014737,7.56603882603753,8.17347224198833,7.29773080561183,7.1057017016592,7.57363939110647,8.41156686738031,7.78130305605715,8.38986098072574
"Gene0799",5.49872941610558,4.27335512625246,5.36002002708627,4.50718313586536,4.56392685317412,4.40917068219012,5.42073936485117,3.5574821164523,4.75719891131432,4.57358033686175,5.10188512306463,5.13147084743879,4.77127328635282,5.47523593061373,5.36374470268092,4.69408937910034,4.39668842187772,5.5974022910189,4.98173763419405,4.97395159118765,5.0777059287431,4.31537672104684,6.31147025335801,4.57355971135825
"Gene0800",6.17800817041394,4.32674356290879,7.22978366836969,4.50867049719496,5.26876829040684,6.41707982085553,5.12280497487479,6.00229103123591,5.76705206935543,5.27112067172645,6.77788312499067,5.17185898361166,4.7388666231978,5.38214889778992,4.72015216242422,5.1551797763089,6.18215827729172,5.8570709657005,5.92919635140956,5.83311599170753,6.46875746613989,4.47536889476323,4.87396301539243,5.706334645142
